-- phpMyAdmin SQL Dump
-- version 4.8.3
-- https://www.phpmyadmin.net/
--
-- Host: localhost:3306
-- Generation Time: Aug 02, 2019 at 09:50 AM
-- Server version: 5.6.43
-- PHP Version: 7.2.7

SET SQL_MODE = "NO_AUTO_VALUE_ON_ZERO";
SET AUTOCOMMIT = 0;
START TRANSACTION;
SET time_zone = "+00:00";


/*!40101 SET @OLD_CHARACTER_SET_CLIENT=@@CHARACTER_SET_CLIENT */;
/*!40101 SET @OLD_CHARACTER_SET_RESULTS=@@CHARACTER_SET_RESULTS */;
/*!40101 SET @OLD_COLLATION_CONNECTION=@@COLLATION_CONNECTION */;
/*!40101 SET NAMES utf8mb4 */;

--
-- Database: `laced_web`
--

-- --------------------------------------------------------

--
-- Table structure for table `auction_admin`
--

CREATE TABLE `auction_admin` (
  `Admin_Id` int(11) NOT NULL,
  `Admin_Name` varchar(255) NOT NULL,
  `Admin_UserName` varchar(255) NOT NULL,
  `Admin_Email` varchar(255) NOT NULL,
  `Admin_Password` varchar(255) NOT NULL,
  `Admin_Phone` varchar(20) NOT NULL,
  `Admin_Address` varchar(255) NOT NULL,
  `Admin_Type` varchar(255) DEFAULT NULL,
  `Admin_Role` text NOT NULL,
  `Admin_ProfilePic` varchar(255) NOT NULL,
  `Admin_Status` int(11) NOT NULL DEFAULT '0',
  `Trade_Charge` varchar(255) NOT NULL,
  `Shipping_Charge` varchar(25) NOT NULL DEFAULT '0',
  `Processing_Free_Fixed` varchar(25) NOT NULL DEFAULT '0',
  `Processing_Free_Percentage` varchar(25) NOT NULL DEFAULT '0',
  `created` timestamp NOT NULL DEFAULT CURRENT_TIMESTAMP,
  `modified` timestamp NOT NULL DEFAULT '0000-00-00 00:00:00' ON UPDATE CURRENT_TIMESTAMP
) ENGINE=InnoDB DEFAULT CHARSET=latin1;

--
-- Dumping data for table `auction_admin`
--

INSERT INTO `auction_admin` (`Admin_Id`, `Admin_Name`, `Admin_UserName`, `Admin_Email`, `Admin_Password`, `Admin_Phone`, `Admin_Address`, `Admin_Type`, `Admin_Role`, `Admin_ProfilePic`, `Admin_Status`, `Trade_Charge`, `Shipping_Charge`, `Processing_Free_Fixed`, `Processing_Free_Percentage`, `created`, `modified`) VALUES
(1, 'Laced', '', 'ryan@golaced.com', '123456', '2627656710', 'Surat', 'Admin', '1,2,3,4,5,6,7,8,9,10,11,12,13,14,15,16,17', '914664320af2af7d4d0ebfa90236a85253514b47d5b644a92614ff.png', 1, '20', '18', '0.30', '2.9', '2018-05-24 05:42:17', '2019-04-06 08:10:04'),
(2, 'admin1', 'Admin', 'admin1@gmail.com', '123456', '2627656710', 'Surat', 'childAdmin', '1,2,3,4,5,6', '1492532609d9aec4739defd9dec5669e38732f79d05c897ee8d3d4a.png', 0, '', '0', '0', '0', '2018-08-31 22:14:50', '2019-03-14 08:36:51'),
(4, 'admin1', 'admin1', 'admin@gmail.com', '123456', '656757667', 'Surat', 'childAdmin', '1,2,12,13,14,15', '408267342f776c73f5370b98c86881ad92ede28695c825e5640ec8.png', 0, '', '0', '0', '0', '2018-08-31 22:40:07', '2019-03-08 12:21:42'),
(5, 'ashish', 'ashish7730', 'ashish7730@gmail.com', '123456', '9737134341', 'rto road bhavnagar', 'childAdmin', '1,2,3,4,5', '', 0, '', '0', '0', '0', '2019-04-06 19:03:02', '0000-00-00 00:00:00');

-- --------------------------------------------------------

--
-- Table structure for table `auction_bid`
--

CREATE TABLE `auction_bid` (
  `Bid_id` int(11) NOT NULL,
  `User_Id` int(11) NOT NULL,
  `Item_Id` int(11) NOT NULL,
  `Bid_Price` bigint(20) NOT NULL,
  `Bid_Active` datetime DEFAULT NULL,
  `completeauction` int(11) DEFAULT '0',
  `Winner` int(11) NOT NULL DEFAULT '0',
  `created` timestamp NOT NULL DEFAULT CURRENT_TIMESTAMP,
  `modified1` datetime DEFAULT NULL,
  `modified2` datetime DEFAULT NULL,
  `modified3` datetime DEFAULT NULL
) ENGINE=InnoDB DEFAULT CHARSET=latin1;

--
-- Dumping data for table `auction_bid`
--

INSERT INTO `auction_bid` (`Bid_id`, `User_Id`, `Item_Id`, `Bid_Price`, `Bid_Active`, `completeauction`, `Winner`, `created`, `modified1`, `modified2`, `modified3`) VALUES
(1, 1, 3, 20, NULL, 1, 0, '2018-08-07 05:20:03', '2018-08-07 04:51:01', '2018-08-07 05:10:01', NULL),
(2, 4, 3, 200, NULL, 1, 0, '2018-08-07 05:20:03', '2018-08-07 05:01:01', '2018-08-07 05:10:01', NULL),
(3, 3, 3, 250, NULL, 1, 1, '2018-08-07 05:20:03', '2018-08-07 05:10:01', '2018-08-07 05:10:01', NULL),
(4, 175, 60, 100, NULL, 1, 0, '2019-03-16 08:45:14', '2019-03-15 22:46:01', '2019-03-15 23:10:24', NULL),
(5, 34, 60, 150, NULL, 1, 1, '2019-03-16 08:47:22', '2019-03-15 23:10:24', '2019-03-15 23:10:24', NULL),
(6, 175, 60, 100, NULL, 0, 0, '2019-03-16 09:34:48', NULL, NULL, NULL),
(7, 175, 62, 50, NULL, 0, 0, '2019-03-19 23:00:42', NULL, NULL, NULL),
(8, 175, 66, 100, NULL, 0, 0, '2019-03-19 23:01:38', NULL, NULL, NULL),
(9, 175, 74, 70, NULL, 1, 0, '2019-03-21 08:56:03', NULL, NULL, NULL),
(10, 180, 74, 50, NULL, 1, 0, '2019-03-21 09:05:36', NULL, NULL, NULL),
(11, 180, 74, 71, NULL, 1, 0, '2019-03-21 10:43:49', NULL, NULL, NULL),
(12, 180, 74, 72, NULL, 1, 1, '2019-03-21 10:54:52', NULL, NULL, NULL);

-- --------------------------------------------------------

--
-- Table structure for table `auction_brand`
--

CREATE TABLE `auction_brand` (
  `Brand_Id` int(11) NOT NULL,
  `Brand_Name` varchar(255) DEFAULT NULL,
  `Brand_Logo` varchar(255) DEFAULT NULL,
  `created` timestamp NOT NULL DEFAULT CURRENT_TIMESTAMP,
  `modified` datetime NOT NULL
) ENGINE=MyISAM DEFAULT CHARSET=latin1;

--
-- Dumping data for table `auction_brand`
--

INSERT INTO `auction_brand` (`Brand_Id`, `Brand_Name`, `Brand_Logo`, `created`, `modified`) VALUES
(23, 'PUMA', 'uploads/brand/1532699953brandpic.png', '2018-07-27 13:59:13', '0000-00-00 00:00:00'),
(24, 'REEBOK', 'uploads/brand/1532699976brandpic.png', '2018-07-27 13:59:36', '0000-00-00 00:00:00'),
(25, 'SAUCONY', 'uploads/brand/1532699986brandpic.png', '2018-07-27 13:59:46', '0000-00-00 00:00:00'),
(26, 'UNDER ARMOUR', 'uploads/brand/1532700002brandpic.png', '2018-07-27 14:00:02', '0000-00-00 00:00:00'),
(28, 'ASICS', 'uploads/brand/1532700078brandpic.png', '2018-07-27 14:01:18', '0000-00-00 00:00:00'),
(29, 'JORDAN', 'uploads/brand/1532700088brandpic.png', '2018-07-27 14:01:28', '0000-00-00 00:00:00'),
(19, 'CONVERSE', 'uploads/brand/1532699902brandpic.png', '2018-07-27 13:58:22', '0000-00-00 00:00:00'),
(30, 'NIKE', 'uploads/brand/1532700095brandpic.png', '2018-07-27 14:01:35', '2018-08-03 06:40:02'),
(21, 'NEW BALANCE', 'uploads/brand/1532699928brandpic.png', '2018-07-27 13:58:48', '0000-00-00 00:00:00'),
(31, 'ADIDAS', 'uploads/brand/1532700104brandpic.png', '2018-07-27 14:01:44', '2018-08-06 06:26:20'),
(27, 'VANS', 'uploads/brand/1532700010brandpic.png', '2018-07-27 14:00:10', '0000-00-00 00:00:00');

-- --------------------------------------------------------

--
-- Table structure for table `auction_chat`
--

CREATE TABLE `auction_chat` (
  `Chat_Id` int(11) NOT NULL,
  `Converstion_Id` int(11) NOT NULL,
  `Chat_Message` longtext NOT NULL,
  `Sender_Id` int(11) NOT NULL,
  `Sender_Type` varchar(20) NOT NULL,
  `Read_Status` int(11) NOT NULL DEFAULT '0',
  `created` timestamp NOT NULL DEFAULT CURRENT_TIMESTAMP
) ENGINE=InnoDB DEFAULT CHARSET=latin1;

-- --------------------------------------------------------

--
-- Table structure for table `auction_conversation`
--

CREATE TABLE `auction_conversation` (
  `Converstion_Id` int(11) NOT NULL,
  `User_IdOne` int(11) NOT NULL,
  `User_IdTwo` int(11) NOT NULL,
  `Converstion_Time` datetime NOT NULL,
  `created` timestamp NULL DEFAULT CURRENT_TIMESTAMP
) ENGINE=InnoDB DEFAULT CHARSET=latin1;

-- --------------------------------------------------------

--
-- Table structure for table `auction_item`
--

CREATE TABLE `auction_item` (
  `Item_Id` int(11) NOT NULL,
  `User_Id` int(11) NOT NULL,
  `Item_Name` varchar(255) NOT NULL,
  `Item_FrontPicture` varchar(255) NOT NULL,
  `Item_BackPicture` varchar(255) NOT NULL,
  `Item_SidePicture` varchar(255) NOT NULL,
  `Item_InsideTagPicture` varchar(255) NOT NULL,
  `Item_BoxPicture` varchar(255) NOT NULL,
  `Item_Condition` varchar(255) NOT NULL,
  `Item_Size` varchar(255) NOT NULL,
  `Item_Availability` varchar(255) NOT NULL,
  `Brand_Id` int(11) NOT NULL,
  `Item_NormalPrice` int(255) NOT NULL,
  `Item_MarketPrice` int(255) DEFAULT NULL,
  `Item_Type` varchar(255) NOT NULL,
  `Flaker_Fee` int(11) NOT NULL,
  `Item_Status` int(11) NOT NULL DEFAULT '0',
  `Item_Sale_StartDate` datetime DEFAULT NULL,
  `Item_Sale_EndDate` datetime DEFAULT NULL,
  `startdateampm` varchar(50) DEFAULT NULL,
  `endddateampm` varchar(50) DEFAULT NULL,
  `RC_Status` int(11) NOT NULL DEFAULT '0',
  `Popularity` int(11) NOT NULL DEFAULT '0',
  `Item_Identity` varchar(255) NOT NULL,
  `Item_Link` varchar(255) DEFAULT NULL,
  `created` datetime DEFAULT NULL,
  `modified` datetime DEFAULT NULL
) ENGINE=InnoDB DEFAULT CHARSET=latin1;

--
-- Dumping data for table `auction_item`
--

INSERT INTO `auction_item` (`Item_Id`, `User_Id`, `Item_Name`, `Item_FrontPicture`, `Item_BackPicture`, `Item_SidePicture`, `Item_InsideTagPicture`, `Item_BoxPicture`, `Item_Condition`, `Item_Size`, `Item_Availability`, `Brand_Id`, `Item_NormalPrice`, `Item_MarketPrice`, `Item_Type`, `Flaker_Fee`, `Item_Status`, `Item_Sale_StartDate`, `Item_Sale_EndDate`, `startdateampm`, `endddateampm`, `RC_Status`, `Popularity`, `Item_Identity`, `Item_Link`, `created`, `modified`) VALUES
(1, 2, 'The Item 9988', '1553853712frontpic.jpg', '14791851372dc0e9ffa91bf0c93b24775ee72426fe5b619bab87f05.png', '490998017e06ab42d2b76baf9a26070e2c7f465475b5ae9a507f26.jpg', '136242332155cf25552ee981accb839d51c8ce52a65b62d3b43b2ec.png', '490998017e06ab42d2b76baf9a26070e2c7f465475b5ae9a507f26.jpg', 'Deadstock', '10', 'Original', 23, 280, 430, '1', 28, 2, NULL, NULL, NULL, NULL, 1, 1, '2ZP7TucfTO', 'https://853u.app.link/2ZP7TucfTO', '2018-07-27 15:15:09', '2018-07-27 04:48:28'),
(4, 2, 'THE ITEM ewr345', '16933726386475e41735ddc28ef5add90e124194045b5c365162ae6.jpg', '16933726386475e41735ddc28ef5add90e124194045b5c365162ae6.jpg', '16933726386475e41735ddc28ef5add90e124194045b5c365162ae6.jpg', '16933726386475e41735ddc28ef5add90e124194045b5c365162ae6.jpg', '16933726386475e41735ddc28ef5add90e124194045b5c365162ae6.jpg', 'Deadstock', '4', 'Damaged', 31, 235, 300, '1', 0, 2, NULL, NULL, NULL, NULL, 1, 1, 'pmKjIiDSUO', 'https://853u.app.link/pmKjIiDSUO', '2018-07-28 14:54:33', '2018-07-28 04:34:41'),
(5, 2, 'MY NEW RUNNER 777', '1140272016cf3dd9f3ba3a882a89b9c29d74dbf0675b5c369f58898.jpg', '1140272016cf3dd9f3ba3a882a89b9c29d74dbf0675b5c369f58898.jpg', '1140272016cf3dd9f3ba3a882a89b9c29d74dbf0675b5c369f58898.jpg', '1140272016cf3dd9f3ba3a882a89b9c29d74dbf0675b5c369f58898.jpg', '1140272016cf3dd9f3ba3a882a89b9c29d74dbf0675b5c369f58898.jpg', 'Worn', '11', 'Damaged', 28, 126, 250, '1', 0, 2, NULL, NULL, NULL, NULL, 1, 0, 'RoKAn3ISUO', 'https://853u.app.link/RoKAn3ISUO', '2018-07-28 14:55:51', '2018-07-28 04:34:35'),
(6, 1, 'shoes 35', '2032613590f5f3c80707e26473fb2aff2028b5a8aa5b5c36dbd8ac4.jpg', '2032613590f5f3c80707e26473fb2aff2028b5a8aa5b5c36dbd8ac4.jpg', '2032613590f5f3c80707e26473fb2aff2028b5a8aa5b5c36dbd8ac4.jpg', '2032613590f5f3c80707e26473fb2aff2028b5a8aa5b5c36dbd8ac4.jpg', '2032613590f5f3c80707e26473fb2aff2028b5a8aa5b5c36dbd8ac4.jpg', 'Worn', '2.5', 'Damaged', 30, 500, 620, '1', 0, 2, NULL, NULL, NULL, NULL, 1, 4, 'h6qnswNSUO', 'https://853u.app.link/h6qnswNSUO', '2018-07-28 14:56:51', '2018-07-28 05:36:53'),
(8, 2, 'BRANDEDS 779', '1895884602595453b3b7076af94c18f10971f71885b5c37830d2a2.jpg', '1895884602595453b3b7076af94c18f10971f71885b5c37830d2a2.jpg', '1895884602595453b3b7076af94c18f10971f71885b5c37830d2a2.jpg', '1895884602595453b3b7076af94c18f10971f71885b5c37830d2a2.jpg', '1895884602595453b3b7076af94c18f10971f71885b5c37830d2a2.jpg', 'Deadstock', '12.5', 'None', 29, 326, 450, '1', 0, 2, NULL, NULL, NULL, NULL, 1, 0, 'IsRSQRZSUO', 'https://853u.app.link/IsRSQRZSUO', '2018-07-28 14:59:39', '2018-07-28 07:27:03'),
(10, 1, 'demo test', '57062631879fc666b5cd6a6dc4a9a1db2f18831cc5b618a098102c.png', '1853986034e061748802543522fc969a5edee3e3885b5ee0ef868f3.jpg', '1853986034e061748802543522fc969a5edee3e3885b5ee0ef868f3.jpg', '1853986034e061748802543522fc969a5edee3e3885b5ee0ef868f3.jpg', '1853986034e061748802543522fc969a5edee3e3885b5ee0ef868f3.jpg', 'Deadstock', '4.5', 'Original', 37, 500, 12, '3', 0, 2, NULL, NULL, NULL, NULL, 1, 0, 'eKVacoLeYO', 'https://853u.app.link/eKVacoLeYO', '2018-07-30 15:27:03', '2018-08-03 03:51:21'),
(12, 2, 'ROCKER 332', '1925420375c05ea8ee4768e8914da0b4500ba49fcd5b6192ef8acc6.png', '19133572876c96104e0de480c66a2231dfdd6fe6c35b602f74e37dd.jpg', '19133572876c96104e0de480c66a2231dfdd6fe6c35b602f74e37dd.jpg', '19133572876c96104e0de480c66a2231dfdd6fe6c35b602f74e37dd.jpg', '19133572876c96104e0de480c66a2231dfdd6fe6c35b602f74e37dd.jpg', 'Worn', '7', 'Original', 37, 445, 1200, '1', 0, 2, NULL, NULL, NULL, NULL, 1, 1, '0B7qb7KSZO', 'https://853u.app.link/0B7qb7KSZO', '2018-07-31 15:14:20', '2018-07-31 04:45:00'),
(15, 2, 'THE RED SHOES555', '18567081771a8eddc3886671a8bb0fb24db72ff9565b63eca36b2a7.jpg', '16220748301a8eddc3886671a8bb0fb24db72ff9565b63eca36b327.jpg', '2224597251a8eddc3886671a8bb0fb24db72ff9565b63eca36b37f.jpg', '11357143461a8eddc3886671a8bb0fb24db72ff9565b63eca36b3b2.jpg', '17600500931a8eddc3886671a8bb0fb24db72ff9565b63eca36b406.jpg', 'Worn', '9', 'Original', 29, 125, 523, '1', 0, 2, NULL, NULL, NULL, NULL, 1, 0, 'VS2IJvBA4O', 'https://853u.app.link/VS2IJvBA4O', '2018-08-03 11:18:19', '2018-08-03 02:26:06'),
(18, 2, 'ADIDAS 775', '1872981570ddcc75979a49ffdd241317190135043c5b67da7c541a8.png', '68527923190989d28b1d82491238bd084990cb9055b67da54219d0.png', '2007124398ea4b97d6019b589fac455f811c5db2c75b67dad395b84.png', '11312123405ddcfccb3c3bffcd1b32b8cd535fb9455b67db605a5e7.png', '2105826096e4a80c7e86284aa64f303610658755fd5b67db96e5946.png', 'Deadstock', '3', 'Damaged', 31, 122, 250, '1', 0, 2, NULL, NULL, NULL, NULL, 1, 0, 'rrI0wwax9O', 'https://853u.app.link/rrI0wwax9O', '2018-08-06 10:48:16', '2018-08-06 06:07:37'),
(21, 2, 'ADIDAS 775', '1872981570ddcc75979a49ffdd241317190135043c5b67da7c541a8.png', '68527923190989d28b1d82491238bd084990cb9055b67da54219d0.png', '2007124398ea4b97d6019b589fac455f811c5db2c75b67dad395b84.png', '11312123405ddcfccb3c3bffcd1b32b8cd535fb9455b67db605a5e7.png', '2105826096e4a80c7e86284aa64f303610658755fd5b67db96e5946.png', 'Deadstock', '3', 'Damaged', 31, 122, 250, '1', 0, 2, NULL, NULL, NULL, NULL, 1, 0, 'rrI0wwax9O', 'https://853u.app.link/rrI0wwax9O', '2018-08-06 10:48:16', '2018-08-06 06:07:37'),
(22, 3, 'Ace 16+ KITH Ultraboost', '449150463d79b9793c407c6f3ee862ab307c4cee45b82efd920ed1.jpg', '1184697083d79b9793c407c6f3ee862ab307c4cee45b82efd924042.jpg', '556611616d79b9793c407c6f3ee862ab307c4cee45b82efd92414d.jpg', '892924694d79b9793c407c6f3ee862ab307c4cee45b82efd924202.jpg', '561961509d79b9793c407c6f3ee862ab307c4cee45b82efd924267.jpg', 'Deadstock', '13', 'Original', 31, 300, 17, '3', 0, 2, '2018-08-27 00:00:00', '2018-08-27 15:30:00', '2018-08-27 12:00 AM', '2018-08-27 03:30 PM', 1, 0, 'mdGq1XgDHP', 'https://853u.app.link/mdGq1XgDHP', '2018-08-26 18:22:17', '2018-08-29 02:10:32'),
(23, 1, 'yezy 123', '2051286238dc62190fe92ab46e8e9eab30e3149d175b864936b9bba.jpg', '942984761dc62190fe92ab46e8e9eab30e3149d175b864936b9c89.jpg', '1958163470dc62190fe92ab46e8e9eab30e3149d175b864936b9cf8.jpg', '1402653005dc62190fe92ab46e8e9eab30e3149d175b864936b9d7f.jpg', '2064404873dc62190fe92ab46e8e9eab30e3149d175b864936b9e08.jpg', 'Deadstock', '8.0', 'Original', 31, 500, 100, '1', 0, 1, NULL, NULL, NULL, NULL, 0, 13, '7mRG5rGQLP', 'https://853u.app.link/7mRG5rGQLP', '2018-08-29 07:20:22', '2018-08-29 02:21:36'),
(26, 3, 'Ace 16+ KITH Ultrabloost', '78563285507c54ffd78d4c1452bb33ffc3fcf9c475b90c277b292f.png', '21463059411d981bfa6e823aff2827aded84b09f105b90c5d072a8d.png', '1698332304a325baf9110cc9bf3bfb7fb928f6c9b35b8ca6d934133.jpg', '1340563896a325baf9110cc9bf3bfb7fb928f6c9b35b8ca6d934198.jpg', '1295047434a325baf9110cc9bf3bfb7fb928f6c9b35b8ca6d9341f6.jpg', 'Deadstock', '13', 'Original', 31, 350, 416, '1', 0, 1, NULL, NULL, NULL, NULL, 0, 2, '0u8lGMyRTP', 'https://853u.app.link/0u8lGMyRTP', '2018-09-03 03:13:29', '2018-09-02 22:13:41'),
(27, 3, 'Ace 16+ KITH Ultraboost', '449150463d79b9793c407c6f3ee862ab307c4cee45b82efd920ed1.jpg', '1184697083d79b9793c407c6f3ee862ab307c4cee45b82efd924042.jpg', '556611616d79b9793c407c6f3ee862ab307c4cee45b82efd92414d.jpg', '892924694d79b9793c407c6f3ee862ab307c4cee45b82efd924202.jpg', '561961509d79b9793c407c6f3ee862ab307c4cee45b82efd924267.jpg', 'Deadstock', '13', 'Original', 31, 300, 17, '3', 0, 1, '2018-08-27 00:00:00', '2018-09-07 15:30:00', '2018-08-27 12:00 AM', '2018-08-27 03:30 PM', 0, 0, 'mdGq1XgDHP', 'https://853u.app.link/mdGq1XgDHP', '2018-08-26 18:22:17', '2018-08-29 02:10:32'),
(29, 2, 'THe Great shoe 225', '850216235c88277883a04b59f6b0fe1e0789e47b35b9b40291b86f.png', '814306907939bd28932ffb09535dd882e5eba87055b9b38b8b5f7d.jpg', '1902915616939bd28932ffb09535dd882e5eba87055b9b38b8b6005.jpg', '617785444939bd28932ffb09535dd882e5eba87055b9b38b8b606d.jpg', '663505629939bd28932ffb09535dd882e5eba87055b9b38b8b60cd.jpg', 'Deadstock', '10', 'None', 21, 430, 599, '1', 0, 1, NULL, NULL, NULL, NULL, 0, 2, 'XKVtiFNccQ', 'https://853u.app.link/XKVtiFNccQ', '2018-09-14 04:27:36', '2018-09-13 23:29:01'),
(30, 2, 'nike test334', '18447383178f0e646188a556c5566c20bb3e7f8ffe5b9b45829a72d.jpg', '20602076748f0e646188a556c5566c20bb3e7f8ffe5b9b45829a7b5.jpg', '14064834968f0e646188a556c5566c20bb3e7f8ffe5b9b45829a819.jpg', '18254237798f0e646188a556c5566c20bb3e7f8ffe5b9b45829a875.jpg', '21218618958f0e646188a556c5566c20bb3e7f8ffe5b9b45829a8d0.jpg', 'Worn', '9', 'Original', 30, 300, 499, '1', 0, 1, NULL, NULL, NULL, NULL, 0, 0, '0Hnw5pHgcQ', 'https://853u.app.link/0Hnw5pHgcQ', '2018-09-14 05:22:10', '2018-09-14 00:22:41'),
(31, 3, 'Pharell x Adidas Human Race Holi NMD BC', '6005647387192fbfd26c4bb415efd3e01c633ec1e5b9bcfa8c2551.jpg', '18463654007192fbfd26c4bb415efd3e01c633ec1e5b9bcfa8c25e6.jpg', '4291980847192fbfd26c4bb415efd3e01c633ec1e5b9bcfa8c2629.jpg', '9735407647192fbfd26c4bb415efd3e01c633ec1e5b9bcfa8c268b.jpg', '17115566647192fbfd26c4bb415efd3e01c633ec1e5b9bcfa8c26ec.jpg', 'Deadstock', '12', 'Original', 31, 300, 445, '3', 0, 1, '2018-09-14 10:15:00', '2018-09-14 09:30:00', '2018-09-14 10:15 AM', '2018-09-14 09:30 AM', 0, 0, 'PHAgvXOWcQ', 'https://853u.app.link/PHAgvXOWcQ', '2018-09-14 15:11:36', '2018-09-14 10:13:29'),
(32, 34, 'Human Race Blank Canvas', '3645741003cfb2fbe52295ed09c6322d16ac5e04d5b9bd358887de.jpg', '17681019113cfb2fbe52295ed09c6322d16ac5e04d5b9bd3588885e.jpg', '18327906023cfb2fbe52295ed09c6322d16ac5e04d5b9bd358888bd.jpg', '13837224943cfb2fbe52295ed09c6322d16ac5e04d5b9bd3588891e.jpg', '18185228603cfb2fbe52295ed09c6322d16ac5e04d5b9bd35888978.jpg', 'Deadstock', '7', 'None', 31, 400, 445, '1', 0, 1, NULL, NULL, NULL, NULL, 0, 0, 'M5F4tEWXcQ', 'https://853u.app.link/M5F4tEWXcQ', '2018-09-14 15:27:20', '2018-09-14 10:27:40'),
(33, 3, 'Laced Authentication Tag', '21326540148ab8b11018f8ebdb58d94fba53bc6cf35b9bd4b3b8e09.jpg', '18910443308ab8b11018f8ebdb58d94fba53bc6cf35b9bd4b3b8e75.jpg', '9379536688ab8b11018f8ebdb58d94fba53bc6cf35b9bd4b3b8ed3.jpg', '20577911198ab8b11018f8ebdb58d94fba53bc6cf35b9bd4b3b8f2c.jpg', '9251599878ab8b11018f8ebdb58d94fba53bc6cf35b9bd4b3b8f82.jpg', 'Deadstock', '4', 'None', 29, 5, 100, '1', 0, 2, NULL, NULL, NULL, NULL, 1, 2, '4UqvXhmYcQ', 'https://853u.app.link/4UqvXhmYcQ', '2018-09-14 15:33:07', '2018-09-14 10:33:31'),
(35, 175, 'Shoes', '15644016328215005fe3b043116254dea6b04110585c7eb25644e9f.jpg', '13985039498215005fe3b043116254dea6b04110585c7eb25644f13.jpg', '6967339438215005fe3b043116254dea6b04110585c7eb25644f77.jpg', '1735305088215005fe3b043116254dea6b04110585c7eb25644fd7.jpg', '3611132898215005fe3b043116254dea6b04110585c7eb25647d2b.jpg', 'Deadstock', '7.5', 'Original', 29, 100, NULL, '3', 0, 0, '2019-03-11 21:30:00', '2019-03-20 20:00:00', '2019-03-11 09:30 PM', '2019-03-20 08:00 PM', 0, 0, 'Bfq7CQfAOU', 'https://853u.app.link/Bfq7CQfAOU', '2019-03-05 17:31:02', '2019-03-11 10:58:06'),
(37, 175, 'watck', '870066741a29b28b2833251eecfcb1a5c7dedfab5c7fdf1bb0cfe.jpg', '20600565281a29b28b2833251eecfcb1a5c7dedfab5c7fdf1bb0dc9.jpg', '14814478811a29b28b2833251eecfcb1a5c7dedfab5c7fdf1bb0e54.jpg', '9195694591a29b28b2833251eecfcb1a5c7dedfab5c7fdf1bb0edc.jpg', '340453351a29b28b2833251eecfcb1a5c7dedfab5c7fdf1bb0f39.jpg', 'Deadstock', '1.5', 'None', 30, 1500, NULL, '3', 0, 0, '2019-03-11 21:30:00', '2019-03-15 20:00:00', '2019-03-11 09:30 PM', '2019-03-15 08:00 PM', 0, 0, 'i1lmZBX3PU', 'https://853u.app.link/i1lmZBX3PU', '2019-03-06 14:54:19', '2019-03-11 10:57:42'),
(40, 175, 'Shoes', '385232198b58c8d475321bfe28f081790625fa48f5c7fe5dde1292.jpg', '1828895287b58c8d475321bfe28f081790625fa48f5c7fe5dde131b.jpg', '1465225553b58c8d475321bfe28f081790625fa48f5c7fe5dde137f.jpg', '511337549b58c8d475321bfe28f081790625fa48f5c7fe5dde13e0.jpg', '1654226218b58c8d475321bfe28f081790625fa48f5c7fe5dde143f.jpg', 'Deadstock', '8', 'Damaged', 23, 200, NULL, '3', 0, 0, '2019-03-09 14:30:00', '2019-03-15 13:00:00', '2019-03-09 02:30 PM', '2019-03-15 01:00 PM', 0, 0, 'To36gl15PU', 'https://853u.app.link/To36gl15PU', '2019-03-06 15:23:09', '2019-03-07 02:59:43'),
(43, 175, 'Watch', '205743886724450a8bacf0c4e2d1554cf761e75bcc5c7fe7042c007.jpg', '97831228924450a8bacf0c4e2d1554cf761e75bcc5c7fe7042c07f.jpg', '61597191824450a8bacf0c4e2d1554cf761e75bcc5c7fe7042c0e1.jpg', '83823449624450a8bacf0c4e2d1554cf761e75bcc5c7fe7042c13e.jpg', '142747742924450a8bacf0c4e2d1554cf761e75bcc5c7fe7042c19a.jpg', 'Deadstock', '4.5', 'None', 29, 200, NULL, '3', 0, 0, '2019-03-07 15:00:00', '2019-03-15 13:30:00', '2019-03-07 03:00 PM', '2019-03-15 01:30 PM', 0, 0, 'F6ckc4m6PU', 'https://853u.app.link/F6ckc4m6PU', '2019-03-06 15:28:04', '2019-03-07 02:54:39'),
(54, 179, 'Shooes', '311527986b3892c5cce432f02dfb9aa550a96e59a5c86802f25624.jpg', '1647996925b3892c5cce432f02dfb9aa550a96e59a5c86802f2925f.jpg', '693159642b3892c5cce432f02dfb9aa550a96e59a5c86802f292cf.jpg', '1447990682b3892c5cce432f02dfb9aa550a96e59a5c86802f293af.jpg', '1778315157b3892c5cce432f02dfb9aa550a96e59a5c86802f29481.jpg', 'Deadstock', '12', 'Original', 29, 50, 25, '3', 0, 2, '2019-03-11 19:15:00', '2019-03-05 19:45:00', '2019-03-11 07:15 PM', '2019-03-05 07:45 PM', 1, 0, 'lTT11NopYU', 'https://853u.app.link/lTT11NopYU', '2019-03-11 15:35:11', '2019-03-11 10:40:08'),
(55, 175, 'shoes', '9784510244eb7170afb1543579f62674b992a77305c8688d9c0cd3.jpg', '10686777954eb7170afb1543579f62674b992a77305c8688d9c0d4e.jpg', '13065919014eb7170afb1543579f62674b992a77305c8688d9c0da9.jpg', '14751934544eb7170afb1543579f62674b992a77305c8688d9c0e09.jpg', '5715106074eb7170afb1543579f62674b992a77305c8688d9c0e63.jpg', 'Deadstock', '12.5', 'Damaged', 29, 20, NULL, '3', 0, 0, NULL, NULL, NULL, NULL, 0, 0, '4o5rCE2rYU', 'https://853u.app.link/4o5rCE2rYU', '2019-03-11 16:12:09', NULL),
(56, 175, 'Shoes test item 4', '889373129a571b0248ff11e97d1f17476bd4cbd395c8689b4d5382.jpg', '393848200a571b0248ff11e97d1f17476bd4cbd395c8689b4d5404.jpg', '833671158a571b0248ff11e97d1f17476bd4cbd395c8689b4d546b.jpg', '1695065321a571b0248ff11e97d1f17476bd4cbd395c8689b4d54ca.jpg', '247058981a571b0248ff11e97d1f17476bd4cbd395c8689b4d5526.jpg', 'Deadstock', '9', 'Damaged', 30, 30, 100, '3', 0, 1, '2019-03-14 09:00:00', '2019-03-17 19:30:00', '2019-03-14 09:00 AM', '2019-03-17 07:30 PM', 0, 0, 'ne06mOisYU', 'https://853u.app.link/ne06mOisYU', '2019-03-11 16:15:48', '2019-03-14 10:30:48'),
(59, 1, 'nike shoes', '814676075cecf94050c9e6f8ff97d13e6cd1851aa5c8b8841ec5ba.jpeg', '2025339674cecf94050c9e6f8ff97d13e6cd1851aa5c8b8841ec63f.jpeg', '520134384cecf94050c9e6f8ff97d13e6cd1851aa5c8b8841ec69e.jpeg', '695191799cecf94050c9e6f8ff97d13e6cd1851aa5c8b8841ec6fc.jpeg', '1898803184cecf94050c9e6f8ff97d13e6cd1851aa5c8b8841ec755.jpeg', 'worn', '8.5', 'dameged', 1, 500, 800, '3', 0, 0, NULL, NULL, NULL, NULL, 0, 0, 'FQA8bk8J4U', 'https://853u.app.link/FQA8bk8J4U', '2019-03-15 11:10:57', '2019-03-15 06:32:17'),
(80, 179, 'Test item 1 Appril 22', '508109919a7115bec46e99bac6f8b6a342a4991705cbde3a32e62b.jpg', '1322516072a7115bec46e99bac6f8b6a342a4991705cbde3a32e6c2.jpg', '1762056192a7115bec46e99bac6f8b6a342a4991705cbde3a32e70b.jpg', '1307855849a7115bec46e99bac6f8b6a342a4991705cbde3a32e762.jpg', '1201442325a7115bec46e99bac6f8b6a342a4991705cbde3a32e7c4.jpg', 'Deadstock', '12', 'Original', 30, 125, 125, '1', 0, 2, NULL, NULL, NULL, NULL, 1, 0, 'aXStJJI85V', 'https://853u.app.link/aXStJJI85V', '2019-04-22 15:54:11', '2019-04-22 10:58:13'),
(81, 188, 'Test item 1 23', '1165877485eae501e60a459f31b002a6b7d5f0751f5cbee86246cc7.jpg', '1400700464eae501e60a459f31b002a6b7d5f0751f5cbee86246d7d.jpg', '1606131912eae501e60a459f31b002a6b7d5f0751f5cbee86246e04.jpg', '1651374479eae501e60a459f31b002a6b7d5f0751f5cbee86246e87.jpg', '581966979eae501e60a459f31b002a6b7d5f0751f5cbee86246efd.jpg', 'Deadstock', '12', 'Original', 30, 100, 125, '1', 0, 1, NULL, NULL, NULL, NULL, 0, 1, 'uPLgkQdq7V', 'https://853u.app.link/uPLgkQdq7V', '2019-04-23 10:26:42', '2019-04-23 05:27:29'),
(82, 189, 'Shoese test item 2 23', '1665793032f5962cf6f338f9efdaee83775d0b78125cbeeaf940ac0.jpg', '98356810f5962cf6f338f9efdaee83775d0b78125cbeeaf943fb4.jpg', '2075281036f5962cf6f338f9efdaee83775d0b78125cbeeaf944020.jpg', '1559455433f5962cf6f338f9efdaee83775d0b78125cbeeaf944081.jpg', '1561812781f5962cf6f338f9efdaee83775d0b78125cbeeaf9440db.jpg', 'Deadstock', '8', 'Damaged', 30, 100, 100, '1', 0, 2, NULL, NULL, NULL, NULL, 1, 1, '8WYhzN0q7V', 'https://853u.app.link/8WYhzN0q7V', '2019-04-23 10:37:45', '2019-04-23 05:38:09'),
(83, 189, 'Shoese Test item 3 22', '11477805457b0eb6e35bd02711bf941eebd802f26f5cbeee03d8d11.jpg', '13727900987b0eb6e35bd02711bf941eebd802f26f5cbeee03d8d89.jpg', '20833334637b0eb6e35bd02711bf941eebd802f26f5cbeee03d8de3.jpg', '14218235497b0eb6e35bd02711bf941eebd802f26f5cbeee03d8e1a.jpg', '4406332607b0eb6e35bd02711bf941eebd802f26f5cbeee03d8e6e.jpg', 'Deadstock', '12.5', 'Original', 30, 100, 100, '3', 0, 1, '2019-04-22 13:00:00', '2019-04-22 21:30:00', '2019-04-22 01:00 PM', '2019-04-22 09:30 PM', 0, 0, 'W9mgriWr7V', 'https://853u.app.link/W9mgriWr7V', '2019-04-23 10:50:43', '2019-04-23 06:35:09'),
(84, 189, 'Shoee Trade test item 1 22', '118038015023d1a141abe4ab7403bcb8ba578f307d5cbeefa6c1920.jpg', '63344573023d1a141abe4ab7403bcb8ba578f307d5cbeefa6c1997.jpg', '164320702223d1a141abe4ab7403bcb8ba578f307d5cbeefa6c19f2.jpg', '128360053523d1a141abe4ab7403bcb8ba578f307d5cbeefa6c1a4c.jpg', '174335333523d1a141abe4ab7403bcb8ba578f307d5cbeefa6c1aa3.jpg', 'Deadstock', '12', 'None', 30, 0, 100, '2', 0, 1, NULL, NULL, NULL, NULL, 0, 0, 'XDG9kers7V', 'https://853u.app.link/XDG9kers7V', '2019-04-23 10:57:42', '2019-04-23 06:05:00'),
(85, 190, 'Shoese testing item 3 22', '128011432220a184e3a2e6d1e8c7a3e533a92439c05cbef74a8d7d5.jpg', '158848010420a184e3a2e6d1e8c7a3e533a92439c05cbef74a8d858.jpg', '2031245120a184e3a2e6d1e8c7a3e533a92439c05cbef74a8d8be.jpg', '68407449120a184e3a2e6d1e8c7a3e533a92439c05cbef74a8d915.jpg', '66265297720a184e3a2e6d1e8c7a3e533a92439c05cbef74a8d96c.jpg', 'Deadstock', '8.5', 'Damaged', 30, 0, 100, '2', 0, 1, NULL, NULL, NULL, NULL, 0, 0, 'V61rsELu7V', 'https://853u.app.link/V61rsELu7V', '2019-04-23 06:30:18', '2019-04-23 06:30:41'),
(86, 190, 'Shoese tetsing item 2', '1963952221bdf8af58a95809810e77dbe0375c84c05cbef7bfc5bc3.jpg', '237559733bdf8af58a95809810e77dbe0375c84c05cbef7bfc5c39.jpg', '1151008058bdf8af58a95809810e77dbe0375c84c05cbef7bfc5c8a.jpg', '1067970432bdf8af58a95809810e77dbe0375c84c05cbef7bfc5ce0.jpg', '1715618838bdf8af58a95809810e77dbe0375c84c05cbef7bfc5d35.jpg', 'Worn', '13', 'Damaged', 29, 100, 100, '3', 0, 1, '2019-04-24 13:00:00', '2019-04-24 21:30:00', '2019-04-24 01:00 PM', '2019-04-24 09:30 PM', 0, 0, 'xajTUiUu7V', 'https://853u.app.link/xajTUiUu7V', '2019-04-23 06:32:15', '2019-04-23 06:37:10'),
(87, 190, 'Shoese Test item 3 22', '13724250323151de6b9eb6cd54a7a668e4a975e59f5cbef8735048a.jpg', '1967494903151de6b9eb6cd54a7a668e4a975e59f5cbef87350514.jpg', '367351113151de6b9eb6cd54a7a668e4a975e59f5cbef87350573.jpg', '12671881273151de6b9eb6cd54a7a668e4a975e59f5cbef873505f8.jpg', '7592389323151de6b9eb6cd54a7a668e4a975e59f5cbef87350654.jpg', 'Deadstock', '2.5', 'Damaged', 30, 100, 100, '1', 0, 2, NULL, NULL, NULL, NULL, 1, 0, 'iq8t1y7u7V', 'https://853u.app.link/iq8t1y7u7V', '2019-04-23 06:35:15', '2019-04-23 06:38:51');

-- --------------------------------------------------------

--
-- Table structure for table `auction_payment`
--

CREATE TABLE `auction_payment` (
  `Payment_Id` int(11) NOT NULL,
  `User_Id` int(11) NOT NULL,
  `Info_Id` int(11) NOT NULL,
  `Info_Type` varchar(20) NOT NULL,
  `Pyment_Method` varchar(255) NOT NULL,
  `Payment_TransferNo` varchar(255) NOT NULL,
  `Payment_Amount` varchar(255) NOT NULL,
  `Processing_Fees` varchar(255) NOT NULL,
  `Reward_Price` varchar(255) NOT NULL,
  `Laced_Creadit` varchar(255) NOT NULL,
  `created` timestamp NOT NULL DEFAULT CURRENT_TIMESTAMP,
  `Payment_Complete` int(11) NOT NULL DEFAULT '0'
) ENGINE=InnoDB DEFAULT CHARSET=latin1;

--
-- Dumping data for table `auction_payment`
--

INSERT INTO `auction_payment` (`Payment_Id`, `User_Id`, `Info_Id`, `Info_Type`, `Pyment_Method`, `Payment_TransferNo`, `Payment_Amount`, `Processing_Fees`, `Reward_Price`, `Laced_Creadit`, `created`, `Payment_Complete`) VALUES
(1, 1, 3, 'Instaby', 'Stripe', 'txn_1CtaW5AAwplKKfTbJyOMBW3o', '432.8', '14.8', '0', '40', '2018-07-30 12:30:25', 0),
(4, 2, 1, 'Trade', 'Stripe', 'txn_1CtqP7JXcFhkBP3EvMaDCtTK', '38', '38', '0', '0', '2018-07-31 05:28:19', 1),
(5, 1, 1, 'Trade', 'Stripe', 'txn_1CtqP7JXcFhkBP3EvMaDCtTK', '38', '38', '0', '0', '2018-07-31 05:28:19', 1),
(6, 2, 1, 'Trade', 'Stripe', 'txn_1CtrHIJXcFhkBP3EhjbXI8DH', '38', '38', '0', '0', '2018-07-31 06:24:18', 1),
(7, 1, 1, 'Trade', 'Stripe', 'txn_1CtrHIJXcFhkBP3EhjbXI8DH', '38', '38', '0', '0', '2018-07-31 06:24:18', 1),
(8, 2, 1, 'Trade', 'Stripe', 'txn_1CtrJqJXcFhkBP3EF1W1vNbt', '38', '38', '0', '0', '2018-07-31 06:26:55', 1),
(9, 1, 1, 'Trade', 'Stripe', 'txn_1CtrJqJXcFhkBP3EF1W1vNbt', '38', '38', '0', '0', '2018-07-31 06:26:55', 1),
(10, 2, 1, 'Trade', 'Stripe', 'txn_1CtsCnJXcFhkBP3EJuaLqTrA', '38', '38', '0', '0', '2018-07-31 07:23:42', 1),
(11, 1, 1, 'Trade', 'Stripe', 'txn_1CtsCnJXcFhkBP3EJuaLqTrA', '38', '38', '0', '0', '2018-07-31 07:23:42', 1),
(12, 2, 1, 'Trade', 'Stripe', 'txn_1CtsGxJXcFhkBP3EAFwa8kDH', '38', '38', '0', '0', '2018-07-31 07:28:00', 1),
(13, 1, 1, 'Trade', 'Stripe', 'txn_1CtsGxJXcFhkBP3EAFwa8kDH', '38', '38', '0', '0', '2018-07-31 07:28:00', 1),
(14, 2, 1, 'Trade', 'Stripe', 'txn_1CtsJeJXcFhkBP3EAfDAMk9q', '38', '38', '0', '0', '2018-07-31 07:30:47', 1),
(15, 1, 1, 'Trade', 'Stripe', 'txn_1CtsJeJXcFhkBP3EAfDAMk9q', '38', '38', '0', '0', '2018-07-31 07:30:47', 1),
(16, 2, 1, 'Trade', 'Stripe', 'txn_1CtsKjJXcFhkBP3EolVW4hef', '38', '38', '0', '0', '2018-07-31 07:31:54', 1),
(17, 1, 1, 'Trade', 'Stripe', 'txn_1CtsKjJXcFhkBP3EolVW4hef', '38', '38', '0', '0', '2018-07-31 07:31:54', 1),
(18, 2, 1, 'Trade', 'Stripe', 'txn_1CtsL8JXcFhkBP3ENtcAwMHy', '38', '38', '0', '0', '2018-07-31 07:32:19', 1),
(19, 1, 1, 'Trade', 'Stripe', 'txn_1CtsL8JXcFhkBP3ENtcAwMHy', '38', '38', '0', '0', '2018-07-31 07:32:19', 1),
(20, 2, 1, 'Trade', 'Stripe', 'txn_1CtsLVJXcFhkBP3EjzjHYVPP', '38', '38', '0', '0', '2018-07-31 07:32:43', 1),
(21, 1, 1, 'Trade', 'Stripe', 'txn_1CtsLVJXcFhkBP3EjzjHYVPP', '38', '38', '0', '0', '2018-07-31 07:32:43', 1),
(22, 2, 1, 'Trade', 'Stripe', 'txn_1CtsMWJXcFhkBP3EBCrIkQrj', '38', '38', '0', '0', '2018-07-31 07:33:46', 1),
(23, 1, 1, 'Trade', 'Stripe', 'txn_1CtsMWJXcFhkBP3EBCrIkQrj', '38', '38', '0', '0', '2018-07-31 07:33:46', 1),
(24, 2, 1, 'Trade', 'Stripe', 'txn_1CtsN4JXcFhkBP3EJxP7kuUZ', '38', '38', '0', '0', '2018-07-31 07:34:19', 1),
(25, 1, 1, 'Trade', 'Stripe', 'txn_1CtsN4JXcFhkBP3EJxP7kuUZ', '38', '38', '0', '0', '2018-07-31 07:34:19', 1),
(26, 2, 1, 'Trade', 'Stripe', 'txn_1Ctt0CJXcFhkBP3EfSIUev27', '38', '38', '0', '0', '2018-07-31 08:14:45', 1),
(27, 1, 1, 'Trade', 'Stripe', 'txn_1Ctt0CJXcFhkBP3EfSIUev27', '38', '38', '0', '0', '2018-07-31 08:14:45', 1),
(28, 2, 1, 'Trade', 'Stripe', 'txn_1Ctt4iJXcFhkBP3ETIRH30Y8', '38', '38', '0', '0', '2018-07-31 08:19:25', 1),
(29, 1, 1, 'Trade', 'Stripe', 'txn_1Ctt4iJXcFhkBP3ETIRH30Y8', '38', '38', '0', '0', '2018-07-31 08:19:25', 1),
(30, 1, 34, 'Instaby', 'Stripe', 'txn_1CtuGvAAwplKKfTbeCEpVaG3', '260.12', '7.12', '0', '0', '2018-07-31 09:36:06', 1),
(31, 1, 35, 'Instaby', 'Stripe', 'txn_1CtuQEAAwplKKfTbx9PMCz0X', '476.21', '13.21', '0', '0', '2018-07-31 09:45:43', 1),
(32, 1, 3, 'Trade', 'Stripe', 'txn_1CtvBwAAwplKKfTbGqh1sjKl', '38', '38', '0', '0', '2018-07-31 10:35:02', 1),
(33, 2, 3, 'Trade', 'Stripe', 'txn_1CtvBwAAwplKKfTbGqh1sjKl', '58', '58', '0', '0', '2018-07-31 10:35:02', 1),
(34, 2, 2, 'Trade', 'Stripe', 'txn_1CtvC7JXcFhkBP3EkFLumfSs', '38', '38', '0', '0', '2018-07-31 10:35:13', 1),
(35, 1, 2, 'Trade', 'Stripe', 'txn_1CtvC7JXcFhkBP3EkFLumfSs', '78', '78', '0', '0', '2018-07-31 10:35:13', 1),
(36, 2, 40, 'Instaby', 'Stripe', 'txn_1CtvItJXcFhkBP3EGTqG5EII', '532.8', '14.8', '0', '0', '2018-07-31 10:42:11', 1),
(37, 1, 1, 'Raffel', 'Stripe', 'txn_1CtvWAAAwplKKfTb9CUC8Kpt', '20', '0', '0', '0', '2018-07-31 10:55:55', 1),
(38, 2, 41, 'Instaby', 'Stripe', 'txn_1Ctw1XJXcFhkBP3ES4fsQ9pz', '532.8', '14.8', '0', '0', '2018-07-31 11:28:19', 0),
(39, 1, 42, 'Instaby', 'Stripe', 'txn_1Ctw1uAAwplKKfTb24BFhLMG', '286.42', '8.42', '20', '0', '2018-07-31 11:28:43', 1),
(40, 1, 43, 'Instaby', 'Stripe', 'txn_1CuC97AAwplKKfTbnovzSsBY', '764.91', '21.91', '20', '0', '2018-08-01 04:41:13', 0),
(41, 2, 44, 'Instaby', 'Stripe', 'txn_1CuCBTJXcFhkBP3EWDx1SR4O', '532.8', '14.8', '0', '0', '2018-08-01 04:43:40', 1),
(42, 2, 4, 'Trade', 'Stripe', 'txn_1CuvvLJXcFhkBP3ErCRvv68M', '38', '38', '0', '0', '2018-08-03 05:34:05', 1),
(43, 1, 4, 'Trade', 'Stripe', 'txn_1CuvvLJXcFhkBP3ErCRvv68M', '58', '58', '0', '0', '2018-08-03 05:34:05', 1),
(44, 2, 2, 'Raffel', 'Stripe', 'txn_1CuvxrJXcFhkBP3EVtxIZ8Z8', '20', '0', '0', '0', '2018-08-03 05:36:40', 1),
(45, 1, 5, 'Trade', 'Stripe', 'txn_1CuybhAAwplKKfTbApzXO0Yh', '38', '38', '0', '0', '2018-08-03 08:25:58', 1),
(46, 2, 5, 'Trade', 'Stripe', 'txn_1CuybhAAwplKKfTbApzXO0Yh', '38', '38', '0', '0', '2018-08-03 08:25:58', 1),
(47, 1, 8, 'Trade', 'Stripe', 'txn_1CuyeWAAwplKKfTbh3A0xSFc', '38', '38', '0', '0', '2018-08-03 08:28:53', 1),
(48, 2, 8, 'Trade', 'Stripe', 'txn_1CuyeWAAwplKKfTbh3A0xSFc', '38', '38', '0', '0', '2018-08-03 08:28:53', 1),
(49, 1, 7, 'Trade', 'Stripe', 'txn_1CuygGAAwplKKfTbxgn84pmq', '38', '38', '0', '0', '2018-08-03 08:30:41', 1),
(50, 2, 7, 'Trade', 'Stripe', 'txn_1CuygGAAwplKKfTbxgn84pmq', '178', '178', '0', '0', '2018-08-03 08:30:41', 1),
(51, 2, 9, 'Trade', 'Stripe', 'txn_1Cuyk0JXcFhkBP3E4eondr9g', '38', '38', '0', '0', '2018-08-03 08:34:33', 1),
(52, 1, 9, 'Trade', 'Stripe', 'txn_1Cuyk0JXcFhkBP3E4eondr9g', '78', '78', '0', '0', '2018-08-03 08:34:33', 1),
(53, 2, 10, 'Trade', 'Stripe', 'txn_1CuylkJXcFhkBP3E0dtrqiwK', '38', '38', '0', '0', '2018-08-03 08:36:21', 1),
(54, 1, 10, 'Trade', 'Stripe', 'txn_1CuylkJXcFhkBP3E0dtrqiwK', '78', '78', '0', '0', '2018-08-03 08:36:21', 1),
(55, 2, 11, 'Trade', 'Stripe', 'txn_1CuysZJXcFhkBP3EAvU2l3HJ', '38', '38', '0', '0', '2018-08-03 08:43:24', 1),
(56, 1, 11, 'Trade', 'Stripe', 'txn_1CuysZJXcFhkBP3EAvU2l3HJ', '78', '78', '0', '0', '2018-08-03 08:43:24', 1),
(57, 2, 12, 'Trade', 'Stripe', 'txn_1CuyuhJXcFhkBP3EwTmWOpkC', '38', '38', '0', '0', '2018-08-03 08:45:36', 1),
(58, 1, 12, 'Trade', 'Stripe', 'txn_1CuyuhJXcFhkBP3EwTmWOpkC', '78', '78', '0', '0', '2018-08-03 08:45:36', 1),
(59, 2, 13, 'Trade', 'Stripe', 'txn_1CuywpJXcFhkBP3EuqbRAwF6', '38', '38', '0', '0', '2018-08-03 08:47:48', 1),
(60, 1, 13, 'Trade', 'Stripe', 'txn_1CuywpJXcFhkBP3EuqbRAwF6', '78', '78', '0', '0', '2018-08-03 08:47:48', 1),
(61, 2, 14, 'Trade', 'Stripe', 'txn_1CuyzXJXcFhkBP3EUuSiVdmP', '38', '38', '0', '0', '2018-08-03 08:50:36', 1),
(62, 1, 14, 'Trade', 'Stripe', 'txn_1CuyzXJXcFhkBP3EUuSiVdmP', '78', '78', '0', '0', '2018-08-03 08:50:36', 1),
(63, 2, 15, 'Trade', 'Stripe', 'txn_1Cuz2xJXcFhkBP3EMESZtHe2', '38', '38', '0', '0', '2018-08-03 08:54:08', 1),
(64, 1, 15, 'Trade', 'Stripe', 'txn_1Cuz2xJXcFhkBP3EMESZtHe2', '78', '78', '0', '0', '2018-08-03 08:54:08', 1),
(65, 1, 7, 'Trade', 'Stripe', 'txn_1CuzBuAAwplKKfTbbYeD6pzM', '38', '38', '0', '0', '2018-08-03 09:03:23', 1),
(66, 2, 7, 'Trade', 'Stripe', 'txn_1CuzBuAAwplKKfTbbYeD6pzM', '178', '178', '0', '0', '2018-08-03 09:03:23', 1),
(67, 1, 7, 'Trade', 'Stripe', 'txn_1CuzFmAAwplKKfTbJhB4bfWQ', '38', '38', '0', '0', '2018-08-03 09:07:23', 1),
(68, 2, 7, 'Trade', 'Stripe', 'txn_1CuzFmAAwplKKfTbJhB4bfWQ', '178', '178', '0', '0', '2018-08-03 09:07:23', 1),
(69, 2, 16, 'Trade', 'Stripe', 'txn_1CuzGiJXcFhkBP3E4HNgqSKX', '38', '38', '0', '0', '2018-08-03 09:08:22', 1),
(70, 1, 16, 'Trade', 'Stripe', 'txn_1CuzGiJXcFhkBP3E4HNgqSKX', '78', '78', '0', '0', '2018-08-03 09:08:22', 1),
(71, 2, 4, 'Trade', 'Stripe', 'txn_1Cv2AKJXcFhkBP3ESPtgpGUm', '38', '38', '0', '0', '2018-08-03 12:13:57', 1),
(72, 1, 4, 'Trade', 'Stripe', 'txn_1Cv2AKJXcFhkBP3ESPtgpGUm', '58', '58', '0', '0', '2018-08-03 12:13:57', 1),
(73, 2, 51, 'Instaby', 'Stripe', 'txn_1CvVeAJXcFhkBP3EM6qA5RsG', '512.8', '14.8', '20', '0', '2018-08-04 19:42:42', 1),
(74, 2, 3, 'Raffel', 'Stripe', 'txn_1CvfAlJXcFhkBP3EFkmM8tvE', '20', '0', '0', '0', '2018-08-05 05:52:59', 0),
(75, 2, 10, 'Trade', 'Stripe', 'txn_1Cw4TBJXcFhkBP3EvDRFeSFn', '38', '38', '0', '0', '2018-08-06 08:53:42', 1),
(76, 1, 10, 'Trade', 'Stripe', 'txn_1Cw4TBJXcFhkBP3EvDRFeSFn', '58', '58', '0', '0', '2018-08-06 08:53:42', 1),
(77, 2, 12, 'Trade', 'Stripe', 'txn_1Cw4TWJXcFhkBP3EmtZs5FDs', '38', '38', '0', '0', '2018-08-06 08:54:03', 1),
(78, 1, 12, 'Trade', 'Stripe', 'txn_1Cw4TWJXcFhkBP3EmtZs5FDs', '38', '38', '0', '0', '2018-08-06 08:54:03', 1),
(79, 3, 64, 'Instaby', 'Stripe', 'txn_1D8UJiBeMmIAKb8wnuSE5qMZ', '532.8', '14.8', '0', '0', '2018-09-09 14:55:14', 1),
(80, 1, 65, 'Instaby', 'Stripe', 'txn_1D8hQoAAwplKKfTbc8cLadWh', '358.45', '10.45', '20', '0', '2018-09-10 04:55:27', 1),
(81, 1, 66, 'Instaby', 'Stripe', 'txn_1D8l4jAAwplKKfTbzDcbTq4U', '358.45', '10.45', '20', '0', '2018-09-10 08:48:54', 1),
(82, 2, 67, 'Instaby', 'Stripe', 'txn_1D9AT4KUuhfh1eLZQopdfwX3', '512.8', '14.8', '20', '0', '2018-09-11 11:55:43', 0),
(83, 2, 68, 'Instaby', 'Stripe', 'txn_1D9AYjKUuhfh1eLZ2XzvYyJS', '512.8', '14.8', '20', '0', '2018-09-11 12:01:33', 0),
(84, 2, 69, 'Instaby', 'Stripe', 'txn_1D9PHEKUuhfh1eLZ8nWN3fvH', '512.8', '14.8', '20', '0', '2018-09-12 03:44:28', 0),
(85, 2, 70, 'Instaby', 'Stripe', 'txn_1D9R4wKUuhfh1eLZ04pEHrOI', '512.8', '14.8', '20', '0', '2018-09-12 05:39:55', 0),
(86, 2, 71, 'Instaby', 'Stripe', 'txn_1D9R6bKUuhfh1eLZbzwud86T', '512.8', '14.8', '20', '0', '2018-09-12 05:41:37', 0),
(87, 2, 72, 'Instaby', 'Stripe', 'txn_1D9RKcKUuhfh1eLZhzgmcgpe', '512.8', '14.8', '20', '0', '2018-09-12 05:56:07', 0),
(88, 33, 73, 'Instaby', 'Stripe', 'txn_1D9UihBLscLKGEwybfqakSat', '532.8', '14.8', '0', '0', '2018-09-12 09:33:12', 0),
(89, 2, 74, 'Instaby', 'Stripe', 'txn_1DBENBKUuhfh1eLZ2u5vmFyk', '512.8', '14.8', '20', '0', '2018-09-17 04:30:10', 0),
(90, 34, 75, 'Instaby', 'Stripe', 'txn_1DDcsFBeMmIAKb8w5N8RLYIH', '23.45', '0.45', '0', '0', '2018-09-23 19:04:07', 1),
(91, 34, 76, 'Instaby', 'Stripe', 'txn_1DHax9BeMmIAKb8wwPmZUrGK', '23.45', '0.45', '0', '0', '2018-10-04 17:49:36', 0),
(92, 175, 77, 'Instaby', 'Stripe', 'txn_1EC5ZaLfyc2GtbbbLNi9pdG2', '532.8', '14.8', '0', '0', '2019-03-09 13:50:46', 0),
(93, 175, 4, 'Bid', 'Stripe', 'txn_1EETSRLfyc2GtbbbTW8T4s2A', '100', '0', '0', '0', '2019-03-16 03:45:15', 0),
(94, 34, 5, 'Bid', 'Stripe', 'txn_1EETUVBeMmIAKb8wzdZR7sLg', '150', '0', '0', '0', '2019-03-16 03:47:23', 0),
(95, 175, 6, 'Bid', 'Stripe', 'txn_1EEUEOLfyc2GtbbbIwlQTBjS', '100', '0', '0', '0', '2019-03-16 04:34:48', 0),
(96, 3, 81, 'Instaby', 'Stripe', 'txn_1EEmTHBeMmIAKb8wTkcDAK6Z', '532.8', '14.8', '0', '0', '2019-03-17 00:03:23', 0),
(97, 175, 82, 'Instaby', 'Stripe', 'txn_1EEx8OLfyc2GtbbbjFo5gb5z', '460.77', '12.77', '0', '0', '2019-03-17 11:26:32', 0),
(98, 175, 83, 'Instaby', 'Stripe', 'txn_1EEx9ELfyc2GtbbbYjJ3cMdV', '532.8', '14.8', '0', '0', '2019-03-17 11:27:24', 0),
(99, 3, 14, 'Trade', 'Stripe', 'txn_1EEyk6BeMmIAKb8wdozRzqsc', '38', '38', '0', '0', '2019-03-17 13:09:34', 1),
(100, 34, 14, 'Trade', 'Stripe', 'txn_1EEyk6BeMmIAKb8wdozRzqsc', '38', '38', '0', '0', '2019-03-17 13:09:34', 1),
(101, 175, 86, 'Instaby', 'Stripe', 'txn_1EFMNZLfyc2GtbbbY12bDbf2', '460.77', '12.77', '0', '0', '2019-03-18 14:23:54', 0),
(102, 175, 7, 'Bid', 'Stripe', 'txn_1EFmEwLfyc2GtbbbHvDHEU5o', '50', '0', '0', '0', '2019-03-19 18:00:43', 0),
(103, 175, 8, 'Bid', 'Stripe', 'txn_1EFmFrLfyc2GtbbbmFEbs2zx', '100', '0', '0', '0', '2019-03-19 18:01:39', 0),
(104, 175, 9, 'Bid', 'Stripe', 'txn_1EGI0eLfyc2GtbbbqBVJ4Q8x', '70', '0', '0', '0', '2019-03-21 03:56:04', 0),
(105, 180, 10, 'Bid', 'Stripe', 'txn_1EGI9tDsnGwZzyZZTYW9WCAc', '50', '0', '0', '0', '2019-03-21 04:05:37', 0),
(106, 180, 11, 'Bid', 'Stripe', 'txn_1EGJgvDsnGwZzyZZGn5sj6dq', '71', '0', '0', '0', '2019-03-21 05:43:50', 0),
(107, 180, 12, 'Bid', 'Stripe', 'txn_1EGJrdDsnGwZzyZZyU4rL4z5', '72', '0', '0', '0', '2019-03-21 05:54:53', 0),
(108, 179, 19, 'Trade', 'Stripe', 'txn_1EJNVCLruVCyZYi26xUecOWz', '38', '38', '0', '0', '2019-03-29 16:24:23', 1),
(109, 175, 19, 'Trade', 'Stripe', 'txn_1EJNVCLruVCyZYi26xUecOWz', '58', '58', '0', '0', '2019-03-29 16:24:23', 1),
(110, 179, 23, 'Trade', 'Stripe', 'txn_1EJNcjLruVCyZYi2Gi84NqRu', '38', '38', '0', '0', '2019-03-29 16:32:10', 1),
(111, 175, 23, 'Trade', 'Stripe', 'txn_1EJNcjLruVCyZYi2Gi84NqRu', '78', '78', '0', '0', '2019-03-29 16:32:10', 1),
(112, 188, 91, 'Instaby', 'Stripe', 'txn_1ESLi9EYLPo5g4HbnPMco9ge', '532.8', '14.8', '0', '0', '2019-04-23 10:18:49', 0),
(113, 188, 92, 'Instaby', 'Stripe', 'txn_1ESM1yEYLPo5g4Hb7iUnm64r', '121.2', '3.2', '0', '0', '2019-04-23 10:39:18', 0),
(114, 188, 26, 'Trade', 'Stripe', 'txn_1ESN1hEYLPo5g4HbxlaAeMst', '38', '38', '0', '0', '2019-04-23 11:43:06', 1),
(115, 190, 26, 'Trade', 'Stripe', 'txn_1ESN1hEYLPo5g4HbxlaAeMst', '78', '78', '0', '0', '2019-04-23 11:43:06', 1),
(116, 190, 27, 'Trade', 'Stripe', 'txn_1ESN4FHgyDr65SX3AisVWyM8', '38', '38', '0', '0', '2019-04-23 11:45:44', 1),
(117, 188, 27, 'Trade', 'Stripe', 'txn_1ESN4FHgyDr65SX3AisVWyM8', '38', '38', '0', '0', '2019-04-23 11:45:44', 1),
(118, 190, 97, 'Instaby', 'Stripe', 'txn_1ESN57HgyDr65SX3e5EAiCyC', '121.2', '3.2', '0', '0', '2019-04-23 11:46:37', 1),
(119, 190, 4, 'Raffel', 'Stripe', 'txn_1ESNseHgyDr65SX3PfwwgEjt', '20', '0', '0', '0', '2019-04-23 12:37:49', 0);

-- --------------------------------------------------------

--
-- Table structure for table `auction_shipping`
--

CREATE TABLE `auction_shipping` (
  `Shipping_Id` int(11) NOT NULL,
  `User_Id` int(11) NOT NULL,
  `Item_Id` int(11) NOT NULL,
  `Shipping_Address` varchar(255) NOT NULL,
  `Shipping_Method` varchar(255) NOT NULL,
  `Tracking_No` varchar(255) NOT NULL,
  `Flaker_Fee` varchar(255) NOT NULL,
  `created` timestamp NOT NULL DEFAULT CURRENT_TIMESTAMP,
  `option1` varchar(255) DEFAULT NULL,
  `option2` varchar(255) DEFAULT NULL,
  `option3` varchar(255) DEFAULT NULL
) ENGINE=InnoDB DEFAULT CHARSET=latin1;

-- --------------------------------------------------------

--
-- Table structure for table `auction_user`
--

CREATE TABLE `auction_user` (
  `User_Id` int(11) NOT NULL,
  `FB_Id` varchar(255) DEFAULT NULL,
  `Gmail_Id` varchar(255) DEFAULT NULL,
  `User_FullName` varchar(255) NOT NULL,
  `User_Name` varchar(255) NOT NULL,
  `User_Email` varchar(255) NOT NULL,
  `User_Password` varchar(255) NOT NULL,
  `User_Address` varchar(255) DEFAULT NULL,
  `User_UnitNo` varchar(255) DEFAULT NULL,
  `User_City` varchar(255) DEFAULT NULL,
  `User_State` varchar(255) DEFAULT NULL,
  `User_Phone` varchar(20) DEFAULT NULL,
  `User_ProfilePic` varchar(255) DEFAULT NULL,
  `User_Latitude` varchar(255) DEFAULT NULL,
  `User_Longitude` varchar(255) DEFAULT NULL,
  `User_DeviceType` varchar(255) DEFAULT NULL,
  `User_DeviceToken` longtext,
  `User_verified` int(11) NOT NULL DEFAULT '0' COMMENT 'if bank detail or credit card detail added',
  `Shipping_Address` varchar(255) DEFAULT NULL,
  `User_Url` varchar(255) DEFAULT NULL,
  `User_Identity` varchar(255) DEFAULT NULL,
  `User_Share` int(11) NOT NULL DEFAULT '0',
  `User_Install` int(11) NOT NULL DEFAULT '0',
  `User_Install_User` longtext NOT NULL,
  `User_Reward` int(11) DEFAULT NULL,
  `Is_Login` int(11) NOT NULL DEFAULT '0',
  `User_Status` int(11) NOT NULL DEFAULT '0',
  `Frist_Login` int(11) NOT NULL DEFAULT '0',
  `wallet_balance` varchar(50) NOT NULL DEFAULT '0',
  `created` timestamp NULL DEFAULT CURRENT_TIMESTAMP,
  `modified` timestamp NULL DEFAULT CURRENT_TIMESTAMP ON UPDATE CURRENT_TIMESTAMP,
  `Login_Type` varchar(255) NOT NULL
) ENGINE=InnoDB DEFAULT CHARSET=latin1;

--
-- Dumping data for table `auction_user`
--

INSERT INTO `auction_user` (`User_Id`, `FB_Id`, `Gmail_Id`, `User_FullName`, `User_Name`, `User_Email`, `User_Password`, `User_Address`, `User_UnitNo`, `User_City`, `User_State`, `User_Phone`, `User_ProfilePic`, `User_Latitude`, `User_Longitude`, `User_DeviceType`, `User_DeviceToken`, `User_verified`, `Shipping_Address`, `User_Url`, `User_Identity`, `User_Share`, `User_Install`, `User_Install_User`, `User_Reward`, `Is_Login`, `User_Status`, `Frist_Login`, `wallet_balance`, `created`, `modified`, `Login_Type`) VALUES
(1, NULL, '110267947505927989493', 'ak lakhani', 'ak90', 'ashish7730@gmail.com', '123456', 'rto road bhavnagar', '364001', 'bhavnagar', 'bhavnagar', '9737134341', '1.jpg', NULL, NULL, 'android', 'dFcTtzPq5vA:APA91bEioTf65WkqNUqze8prTt8IpJ7qzQCCNUDI1ladJgRkohAbgDoqJiS654rACEj_UcG73eL1rV3sGzIU6EsJoMTivMqwvU0H9lrCfMeLuuaDpatv8N-SqqhSg8Zr--1JZhv7DI0z', 1, NULL, 'https://853u.app.link/e2TviNXeTO', 'e2TviNXeTO', 0, 1, '11', 2, 1, 0, 0, '100', '2018-07-27 20:11:49', '2019-04-10 04:09:59', 'gmail'),
(2, NULL, '117778589095870439347', 'Vrushik Patel', 'VKPATEL78', 'vrushik.sensussoft@gmail.com', '123456', 'Surat, Kamrej', '', 'Surat', 'Gujarat', '8401535227', 'User_ProfilePic.png', NULL, NULL, 'iOS', 'cBAn8iAXEVg:APA91bH-M4q6h-844Q61aLPFV2_DSkmOVt29LYHqHXootvq94Hd4Mo0Z5w1rsXQIdKs8j87orBBH0CrA1cOSLHGXAE7gTWWTYZu3SAFlnIVwqA_an11wDeiJrDjiZn_-z2477XXHCQJ6', 1, NULL, 'https://853u.app.link/kJ2mViYeTO', 'kJ2mViYeTO', 0, 2, '2', 2, 1, 1, 0, '0', '2018-07-27 20:11:56', '2019-04-10 04:14:21', 'gmail'),
(3, NULL, NULL, 'Ryan Schneider', 'ryanschnei', 'ryan@golaced.com', 'Ryguy123', '2155 Elm Tree Rd', '', 'Elm Grove', 'Wisconsin', '2627656710', 'User_ProfilePic.934158654.png', NULL, NULL, 'iOS', 'fO_bjmvueZU:APA91bHpUJy2MFelCZhwDlyZxTsVv2EPxn8a17hCz7meTu6xrmYdjbFOiwKxi3OcJxDeZqn88w_akTxi-oGMHsw4DV2M1k6phHq6ut_OWTmNGG8p5pJwN3r78jJVtVBkYEmenhI-bzJ1', 1, NULL, 'https://853u.app.link/sO4wTuxuTO', 'sO4wTuxuTO', 0, 0, '', NULL, 1, 1, 0, '0', '2018-07-27 23:49:47', '2019-03-30 14:23:41', ''),
(4, NULL, NULL, 'chirag1', 'chirag', 'chirag1@gmail.com', '123456', NULL, NULL, NULL, NULL, '7567306621', '16162785107f70b0fc2e8caff7a05cbcdee368c0845b5fe249a3eff.jpg', NULL, NULL, 'android', 'fter4uqwS8w:APA91bE7e2uUX9SGsdpRURlIIGe9UWQvsuYaeFLmEVkJCOk4ocw2F1siirxqpyEacx6PbZONgoYNsbTUiCzOhNgsNs_uesou-llvO1vJFvT94cutvezocKkt6RiApIxmgNqdBASQJsGJBLaRu1zkhKvgmLkkUiL2XQ', 0, NULL, 'https://853u.app.link/3517HkevZO', '3517HkevZO', 0, 0, '', 4, 1, 0, 0, '0', '2018-07-31 14:45:05', '2018-08-29 07:25:47', ''),
(6, NULL, NULL, 'kirsten', 'kirstenq', 'we.love.babtsuff@gmail.com', 'poopy', NULL, NULL, NULL, NULL, '66481161', '1469831694605970ad463b7fe30712d2fc5d5e2b815b610b63e7492.jpg', NULL, NULL, NULL, NULL, 0, NULL, 'https://853u.app.link/73C7EHOX0O', '73C7EHOX0O', 0, 0, '', NULL, 0, 1, 0, '0', '2018-08-01 11:52:43', '2018-08-03 11:46:44', ''),
(8, NULL, NULL, 'Jibril Muhudin', 'jibway', 'jibway9@gmail.com', 'School.1', NULL, NULL, NULL, NULL, '+1(507)-271-8365', '20599324672a344ef520a38bb8c1d7610661a013bc5b62432e85cce.jpg', NULL, NULL, 'android', '', 0, NULL, 'https://853u.app.link/gyJu8KSu2O', 'gyJu8KSu2O', 0, 0, '', NULL, 1, 1, 0, '0', '2018-08-02 10:03:02', '2018-08-03 08:44:46', ''),
(11, NULL, NULL, 'chirag12', 'chirag_patel', 'chirag12.sensussoft@gmail.com', '123456', 'suray', 'surat', 'surat', 'Gujarat', '7567306621', 'cropped801086147.jpg', NULL, NULL, 'iOS', 'dq1nzBEmJ9E:APA91bE_Ks70pwjqEI3zOkzHY8QuyFp22cPbaEzGw2U2IN6jOblFpzvK2t8hnamqYGnCr3oDpiKSpFwhWk-7Jo9LPdYh4dByoMCF2d0Vclk33cZh0BSJgFp4j-jbUrawKuWIOkEy1g7AE9mZy9Sx83_y0Cd3J7wsxQ', 1, NULL, 'https://853u.app.link/e2TviNXeTO', 'e2TviNXeTO', 0, 1, '11', 2, 1, 0, 0, '0', '2018-07-27 20:11:49', '2019-04-10 04:15:07', ''),
(12, NULL, NULL, 'reese English-Russell', 'reeseer0711', 'reeseer0711@gmail.com', '2trefoil4', NULL, NULL, NULL, NULL, '0403326870', '10378678230cd5e61d0b97aaab0429b243b64efd495b6a747a3626a.jpg', NULL, NULL, 'android', '', 0, NULL, 'https://853u.app.link/0VuVmFlOcP', '0VuVmFlOcP', 0, 0, '', NULL, 1, 0, 0, '0', '2018-08-08 15:11:30', '2018-08-08 04:41:57', ''),
(13, NULL, NULL, 'iker fernandes', 'ikerfm22', 'ikerfm22@gmail.com', 'Roccoguapo', NULL, NULL, NULL, NULL, '615358323', '7835635231fe7df4d44879e7ba977111227758f8d5b6a84db02029.jpg', NULL, NULL, 'android', '', 0, NULL, 'https://853u.app.link/mtOithlTcP', 'mtOithlTcP', 0, 0, '', NULL, 1, 0, 0, '0', '2018-08-08 16:21:23', '2018-08-08 05:51:44', ''),
(14, NULL, NULL, 'sidney schrijver', 'sidy', 'sidneytsone@gmail.com', 'Ninanil1', NULL, NULL, NULL, NULL, '+491794493035', '1723318041899275f8bc84a87e535182efbdee880a5b6bd5f17dbce.jpg', NULL, NULL, 'android', '', 0, NULL, 'https://853u.app.link/xJw8Iw7xeP', 'xJw8Iw7xeP', 0, 0, '', NULL, 1, 0, 0, '0', '2018-08-09 16:19:37', '2018-08-09 05:49:49', ''),
(15, NULL, NULL, 'terence', 'terence73', 'terencestyles1973@gmail.com', 'bathrd6', NULL, NULL, NULL, NULL, '027748616448', '1038040376f7bee0dee7375c771451100db90aa72b5b6bfabab3f3a.jpg', NULL, NULL, 'android', '', 0, NULL, 'https://853u.app.link/6TddVVkJeP', '6TddVVkJeP', 0, 0, '', NULL, 1, 0, 0, '0', '2018-08-09 18:56:34', '2018-08-09 08:27:05', ''),
(16, NULL, NULL, 'Ralph Jansen Trinidad', 'Jansen', 'jansen@gmail.com', 'jansen', NULL, NULL, NULL, NULL, '+639663876867', '86657636360cef1fa50758270a635047fdf377b875b6c3ae96779d.jpg', NULL, NULL, NULL, NULL, 0, NULL, 'https://853u.app.link/bpIsodU2eP', 'bpIsodU2eP', 0, 0, '', NULL, 0, 0, 0, '0', '2018-08-09 23:30:25', '2018-08-09 13:00:25', ''),
(17, NULL, NULL, 'Ralph Jansen Trinidad', 'Ralph', 'jansen02122005@gmail.com', 'jansen', NULL, NULL, NULL, NULL, '+639663876867', '17647282982c1e19699dff16830e293b655e7517005b6c3b698f786.jpg', NULL, NULL, 'android', '', 0, NULL, 'https://853u.app.link/JVuFmG32eP', 'JVuFmG32eP', 0, 0, '', NULL, 1, 0, 0, '0', '2018-08-09 23:32:33', '2018-08-09 13:02:50', ''),
(18, '2104500956543960', NULL, 'Ryan Schneider', 'Ryan Schneider', '', '', NULL, NULL, NULL, NULL, NULL, NULL, NULL, NULL, 'iOS', 'cqiOz6e6sVI:APA91bFyWa6QAQj-estCsDszMAR8zawnm8B6W_mMsXl4T68itwSBhPGYXN3yq8_Q7ELSE4bOi2rFWr1TV-szACPN3wH6Lx5lxPr4K07KITRG3Rx8L4-AT7JaomIsPauqw0eKEsnzhq1TdYL8FCCEiVBEWXxrxjFpLA', 0, NULL, NULL, NULL, 0, 0, '', NULL, 0, 0, 0, '0', '2018-08-10 14:44:09', '2018-08-10 04:14:09', 'facebook'),
(19, NULL, NULL, 'umar', 'jeewa', 'ujee2003@outlook.com', 'umarslaced', NULL, NULL, NULL, NULL, '07340845222', '16119213573f26b4ebdb4f7e13e9f368596f2555b85b6d6aea42c5a.jpg', NULL, NULL, 'android', '', 0, NULL, 'https://853u.app.link/Nqqnz2AxgP', 'Nqqnz2AxgP', 0, 0, '', NULL, 1, 0, 0, '0', '2018-08-10 21:07:30', '2018-08-10 10:37:39', ''),
(20, NULL, NULL, 'Gregor Hill', 'gregorhill20', 'gregoralanhill@gmail.com', 'Scotl@nd123', NULL, NULL, NULL, NULL, '07576201022', '1805518927619d301bb281bc45074199770d39d4b25b6f5be5952e4.jpg', NULL, NULL, 'android', '', 0, NULL, 'https://853u.app.link/cKekRT7YiP', 'cKekRT7YiP', 0, 0, '', NULL, 1, 0, 0, '0', '2018-08-12 08:27:57', '2018-08-11 21:58:13', ''),
(21, '285040135605859', NULL, 'Manav Patel', 'Manav Patel', 'ashwinbavadiya1@gmail.com', '', NULL, NULL, NULL, NULL, NULL, NULL, NULL, NULL, 'android', 'dagSbfB6pKY:APA91bHHXiSa-zExnCmxoTiimevtunid30ZzJy1Ao8yk7r5p8CMrJI3oWWGgg65oNJkjX6k0THY1Z3kGEkZ8wPof-zYnASz39mtoGKhIW78RE4Me3C2fAmBKcNzveLe4gzvcx_gvJF_owkREhYbl260dKEAWXFXtQg', 0, NULL, NULL, NULL, 0, 0, '', NULL, 0, 0, 0, '0', '2018-08-13 17:57:14', '2018-08-14 05:21:45', 'facebook'),
(22, NULL, NULL, 'archie marney', 'archie_123', 'archiemarney@gmail.com', 'archie09', NULL, NULL, NULL, NULL, '447477529455', '19631808678b82e62af6b1c09f969770bb89b048fb5b75f36fab383.jpg', NULL, NULL, 'android', '', 0, NULL, 'https://853u.app.link/HGeXJREhrP', 'HGeXJREhrP', 0, 0, '', NULL, 1, 0, 0, '0', '2018-08-17 08:28:07', '2018-08-16 21:58:13', ''),
(23, NULL, NULL, 'Marek Culik', 'marekculik07', 'marekculik07@gmail.com', 'debilitna09', NULL, NULL, NULL, NULL, '0950847553', '1263722101e2aa82fe4795e3db581845d5f54aa2675b7744ee86522.jpg', NULL, NULL, 'android', '', 0, NULL, 'https://853u.app.link/gaBfLOyWsP', 'gaBfLOyWsP', 0, 0, '', NULL, 1, 0, 0, '0', '2018-08-18 08:28:06', '2018-08-17 21:58:14', ''),
(24, NULL, NULL, 'Maksymilian Zakrzewski', 'zmaks', 'zmaks@o2.pl', '4466A4466a', NULL, NULL, NULL, NULL, '510839122', '1583272287c8d1a414b1cee6af53b4222ee6e04cbb5b7801742348e.jpg', NULL, NULL, 'android', '', 0, NULL, 'https://853u.app.link/nMA5tB2RtP', 'nMA5tB2RtP', 0, 0, '', NULL, 1, 0, 0, '0', '2018-08-18 21:52:28', '2018-08-18 11:22:45', ''),
(25, NULL, NULL, 'victor Mosqueda', 'victormosqueda', 'victormosqueda11@gmail.com', 'Mosqueda912', NULL, NULL, NULL, NULL, '2544472575', '81863241935e3f0e34cd9e6319609f536f1ae7f45b78571b61495.jpg', NULL, NULL, 'android', '', 0, NULL, 'https://853u.app.link/5mfdSL9huP', '5mfdSL9huP', 0, 0, '', NULL, 1, 0, 0, '0', '2018-08-19 03:57:55', '2018-08-18 17:28:01', ''),
(26, NULL, NULL, 'arif asani', 'arif23', 'arif.asani20@outlook.de', 'arifasani20', NULL, NULL, NULL, NULL, '014629398163', '1571768972f4a7d58f556b186008d224b454e1dd485b789cd96eee2.jpg', NULL, NULL, 'android', '', 0, NULL, 'https://853u.app.link/LDAPHaqDuP', 'LDAPHaqDuP', 0, 0, '', NULL, 1, 0, 0, '0', '2018-08-19 08:55:29', '2018-08-18 22:25:47', ''),
(27, NULL, NULL, 'Eusebio Lozano', 'aka.eu', 'eusebiohola@gmail.com', 'serafin14', NULL, NULL, NULL, NULL, '663575164', '10916796467e564f5c6db9497107a195d8d222f2545b81733359581.jpg', NULL, NULL, 'android', '', 0, NULL, 'https://853u.app.link/LpouxgdLFP', 'LpouxgdLFP', 0, 0, '', NULL, 1, 0, 0, '0', '2018-08-25 20:18:11', '2018-08-25 15:18:24', ''),
(28, NULL, NULL, 'pablo de Felipe', 'pablo_waze', 'pablodfgi@gmail.com', 'boadilla2016', NULL, NULL, NULL, NULL, '622417466', '200002823580eae2e654b5e6f8ce3cc5f8fb8c39d75b81f1e5b463c.jpg', NULL, NULL, 'android', '', 0, NULL, 'https://853u.app.link/PkiSUjQnGP', 'PkiSUjQnGP', 0, 0, '', NULL, 1, 0, 0, '0', '2018-08-26 05:18:45', '2018-08-26 00:19:00', ''),
(29, NULL, NULL, 'Giu Zer', 'juju83', 'g.zerulo@gmx.de', 'fritz333', NULL, NULL, NULL, NULL, '06224', '97112618024dc9edc063e3a6ba6f56e60d387b39e5b83d013e7000.jpg', NULL, NULL, 'android', '', 0, NULL, 'https://853u.app.link/WMrXtNDJIP', 'WMrXtNDJIP', 0, 0, '', NULL, 1, 0, 0, '0', '2018-08-27 15:18:59', '2018-08-27 10:19:06', ''),
(30, NULL, NULL, 'Diego Gil Romero', 'diegobea191016', 'dgilromero6@gmail.com', 'diegoperolo2000', NULL, NULL, NULL, NULL, '675331131', '1207288762a0661a5d605139532bb802c86e72e25b849ea03f9e2.jpg', NULL, NULL, 'android', '', 0, NULL, 'https://853u.app.link/IFqxkjCKJP', 'IFqxkjCKJP', 0, 0, '', NULL, 1, 0, 0, '0', '2018-08-28 06:00:16', '2018-08-28 01:00:37', ''),
(31, NULL, NULL, 'joseph hackett', 'joe.hackett', 'joeflow2004@gmail.com', 'joseph', NULL, NULL, NULL, NULL, '07547633688', '11806746766b1b7767b13f8905f1488c4b0b9084cc5b871158607f0.jpg', NULL, NULL, 'android', '', 0, NULL, 'https://853u.app.link/plNyrHHPMP', 'plNyrHHPMP', 0, 0, '', NULL, 1, 0, 0, '0', '2018-08-30 02:34:16', '2018-08-29 21:34:37', ''),
(32, NULL, NULL, 'David Schwierz', 'Davidxschw.', 'davidschwierz44@gmail.com', 'David9', NULL, NULL, NULL, NULL, '4915782383239', '1206910561b03034c948457ab37516929764467dc75b8e98c38cee4.jpg', NULL, NULL, 'android', '', 0, NULL, 'https://853u.app.link/Ru5z6hnjWP', 'Ru5z6hnjWP', 0, 0, '', NULL, 1, 0, 0, '0', '2018-09-04 19:37:55', '2018-09-04 14:38:10', ''),
(33, NULL, NULL, 'test', 'test', 'test@gmail.com', '123456', NULL, NULL, NULL, NULL, '123456', '206617743807bf8c6b02a382a6437cd55ea77533f15b9794d36cdc9.jpg', NULL, NULL, 'android', 'dcPZd5zOgzA:APA91bEUuGKkYrDmOpi7vPyaK2DbmqK1SGRzXIdB7DpsWcHamvmiDanT7VRggYDuC5bJFSoz131E8Z8XcXz1LFmQz_dqlqkkeKFN05lUd0-QrjlGTidulEbIr_KuLvz9ekYlcrCK8sdc0w5MvibF4wBoTfJySD2SBw', 0, NULL, 'https://853u.app.link/WOdS5gFC7P', 'WOdS5gFC7P', 0, 0, '', NULL, 0, 0, 0, '0', '2018-09-11 15:11:31', '2018-09-14 04:14:37', ''),
(34, NULL, NULL, 'Ryan Schneider', 'admin', 'orders@golaced.com', 'Ryguy123', '2155 Elm Tree Rd', '', 'Elm Grove', 'Wisconsin', '2627656710', 'User_ProfilePic.1135877572.png', NULL, NULL, 'iOS', 'cqZg4Fydjks:APA91bF9HQOHIHul2wSH0609bCBI1lzd4wv_RgkTZQHR6_GNAO4CV0YUoSIRjkFGoSt9uq1Nbs-W6w-c3pa1fQHvWy6-XZ4JBC1xJ3OoCVXs5U1L8_2DA0XdtoACawvamr1sd_MxB103', 1, NULL, 'https://853u.app.link/HUuIFDCXcQ', 'HUuIFDCXcQ', 0, 0, '', NULL, 1, 0, 0, '0', '2018-09-14 20:22:49', '2018-09-14 15:45:26', ''),
(35, NULL, NULL, 'Vinod', 'Vinodbkalathiya', 'vinodkalathiya@gmail.com', 'vinod123', NULL, NULL, NULL, NULL, '9558577898', '776971445bec92a53eb75014944d62dd6097674e15b9f2dea54536.jpg', NULL, NULL, 'android', '', 0, NULL, 'https://853u.app.link/dLLSZTIbhQ', 'dLLSZTIbhQ', 0, 0, '', NULL, 1, 0, 0, '0', '2018-09-17 09:30:34', '2018-09-17 04:31:03', ''),
(36, NULL, NULL, 'travis tillery', 'travtill89', 'travtill89@gmail.com', 'traler89', NULL, NULL, NULL, NULL, '9292304691', '1322304370577e7b02f230a6c0f25621d7121e894b5bac7294e8f0a.jpg', NULL, NULL, 'android', '', 0, NULL, 'https://853u.app.link/oKB1UTmTxQ', 'oKB1UTmTxQ', 0, 0, '', NULL, 1, 0, 0, '0', '2018-09-27 11:03:00', '2018-09-27 06:03:12', ''),
(37, NULL, NULL, 'Cesar Fonseca', 'MrParnS', 'cesarfromverizon@gmail.com', '62412586Aa!', NULL, NULL, NULL, NULL, '9195947618', '5180917978f51e6e04b0469a6a7826c1bb0d7fd325bac7bb39a09b.jpg', NULL, NULL, 'android', '', 0, NULL, 'https://853u.app.link/CTfN9h9VxQ', 'CTfN9h9VxQ', 0, 0, '', NULL, 1, 0, 0, '0', '2018-09-27 11:41:55', '2018-09-27 06:42:12', ''),
(38, NULL, NULL, 'Jack Davis', 'jackd23', 'jackwilldavis42@gmail.com', 'vipersrt10', NULL, NULL, NULL, NULL, '07745320413', '12510823084dd5cb65aeaa12830bdb939e84c358895bae907fca3a7.jpg', NULL, NULL, 'android', '', 0, NULL, 'https://853u.app.link/hJZAcdByAQ', 'hJZAcdByAQ', 0, 0, '', NULL, 1, 0, 0, '0', '2018-09-29 01:35:11', '2018-09-28 20:35:30', ''),
(39, NULL, NULL, 'Sachit', 'madmackeral', 'imakemusicincredible@gmail.com', '68446844', NULL, NULL, NULL, NULL, '+6016362106', '603638089172231178fdc5790fa9f7bcd7d324d6d5baef7deb9a0b.jpg', NULL, NULL, 'android', '', 0, NULL, 'https://853u.app.link/BPPRLj73AQ', 'BPPRLj73AQ', 0, 0, '', NULL, 1, 0, 0, '0', '2018-09-29 08:56:14', '2018-09-29 03:56:30', ''),
(40, NULL, NULL, 'Adam mardling', 'adam2718', 'adamardling@gmail.com', 'RedFlowers18', NULL, NULL, NULL, NULL, '07484703774', '22323959835f0e44310d86d7301f2440b949ffdff5baf4195292b4.jpg', NULL, NULL, 'android', '', 0, NULL, 'https://853u.app.link/BHtI1NAqBQ', 'BHtI1NAqBQ', 0, 0, '', NULL, 1, 0, 0, '0', '2018-09-29 14:10:45', '2018-09-29 09:11:03', ''),
(41, NULL, NULL, 'cassidy lynch', 'clynch95', 'prettygirl22873@gmail.com', 'Cassidy95!', NULL, NULL, NULL, NULL, '5408165988', '1834473522b4f9dbdb1de599a356ab38619ea978535bb2e3cc2bb1a.jpg', NULL, NULL, 'android', '', 0, NULL, 'https://853u.app.link/nG8u0nd0FQ', 'nG8u0nd0FQ', 0, 0, '', NULL, 1, 0, 0, '0', '2018-10-02 08:19:40', '2018-10-02 03:20:08', ''),
(42, NULL, NULL, 'gutedel', 'tom', 'tomgutedel@yahoo.fr', 'gutomthao', NULL, NULL, NULL, NULL, '0667692763', '140826332618d62804623ed8afa414489373b866f95bb3a6c61135d.jpg', NULL, NULL, 'android', '', 0, NULL, 'https://853u.app.link/SGQhtbFXGQ', 'SGQhtbFXGQ', 0, 0, '', NULL, 1, 0, 0, '0', '2018-10-02 22:11:34', '2018-10-02 17:11:36', ''),
(43, NULL, NULL, 'Daniel Bacher', 'oxygen_salt', 'bacher.daniel@hotmail.de', 'iba11jg', NULL, NULL, NULL, NULL, '+393891998903', '4465065864a0945b6248a1672a2d9af3ebad376b75bb3af7bd91b2.jpg', NULL, NULL, 'android', '', 0, NULL, 'https://853u.app.link/qqbgYPj0GQ', 'qqbgYPj0GQ', 0, 0, '', NULL, 1, 0, 0, '0', '2018-10-02 22:48:43', '2018-10-02 17:48:55', ''),
(44, NULL, NULL, 'Alex Harding', 'Panamavp718', 'Alpeaces718@gmail.com', 'Brklynsc718', NULL, NULL, NULL, NULL, '9734620051', '95581598557fc59a8628a7383230fc2759f66a26b5bb3bc86f20ca.jpg', NULL, NULL, 'android', '', 0, NULL, 'https://853u.app.link/J6J76oi4GQ', 'J6J76oi4GQ', 0, 0, '', NULL, 1, 0, 0, '0', '2018-10-02 23:44:22', '2018-10-02 18:44:35', ''),
(45, NULL, NULL, 'Kareem', 'Lawless', 'Kareemlawless1980@gmail.com', 'brookelynn1', NULL, NULL, NULL, NULL, '9176182454', '11036089678651acca6d88cce0b069bd0d69ea473b5bb3cad4312bf.jpg', NULL, NULL, 'android', '', 0, NULL, 'https://853u.app.link/YPgt7KE8GQ', 'YPgt7KE8GQ', 0, 0, '', NULL, 1, 0, 0, '0', '2018-10-03 00:45:24', '2018-10-02 19:45:29', ''),
(46, NULL, NULL, 'Qasim Ali', 'qasiomc', 'qasiomc@gmail.com', 'qas006271', NULL, NULL, NULL, NULL, '+447711104668', '639244225283872ab687bc239dd49a9e7e007f50b5bb487460e36b.jpg', NULL, NULL, 'android', '', 0, NULL, 'https://853u.app.link/5XIHE563HQ', '5XIHE563HQ', 0, 0, '', NULL, 0, 0, 0, '0', '2018-10-03 14:09:26', '2018-10-03 14:57:52', ''),
(47, NULL, NULL, 'francesco zamboni', 'zambo93', 'francescozamboni93@gmail.com', 'Militino93', NULL, NULL, NULL, NULL, '+393429561214', '1293897319d0af83dbc35de9c22c14c6d817a7ebbe5bb4b07435b75.jpg', NULL, NULL, 'android', '', 0, NULL, 'https://853u.app.link/gvRevyFgIQ', 'gvRevyFgIQ', 0, 0, '', NULL, 1, 0, 0, '0', '2018-10-03 17:05:08', '2018-10-03 12:05:15', ''),
(48, NULL, NULL, 'Callin Godson-Green', 'callingreen', 'callingodsongreen@gmail.com', 'sneaker123', NULL, NULL, NULL, NULL, '+353862493404', '2021673884a19789caba1976316eb10b4059522be05bb4bcfef345b.jpg', NULL, NULL, 'android', '', 0, NULL, 'https://853u.app.link/JkQAmEukIQ', 'JkQAmEukIQ', 0, 0, '', NULL, 1, 0, 0, '0', '2018-10-03 17:58:38', '2018-10-03 12:58:52', ''),
(49, NULL, NULL, 'Thom Schiks', 'Thom', 'thom.schiks@gmail.com', 'Thoms2003', NULL, NULL, NULL, NULL, '0683914300', '161835247145a6172532b2d086ea213294951d6c9e5bb50d3392984.jpg', NULL, NULL, 'android', '', 0, NULL, 'https://853u.app.link/RKTFRPWIIQ', 'RKTFRPWIIQ', 0, 0, '', NULL, 1, 0, 0, '0', '2018-10-03 23:40:51', '2018-10-03 18:41:11', ''),
(50, NULL, NULL, 'mikkel guldager', 'salg', 'mikkelai@hotmail.com', 'Lagkage123', NULL, NULL, NULL, NULL, '31671003', '1853563264966a2a56537091078ccf1ca0d2bcf5f45bb74a8430913.jpg', NULL, NULL, 'android', '', 0, NULL, 'https://853u.app.link/0kwMqGKxLQ', '0kwMqGKxLQ', 0, 0, '', NULL, 1, 0, 0, '0', '2018-10-05 16:27:00', '2018-10-05 11:27:10', ''),
(51, NULL, NULL, 'jake', 'jakehinch', 'j.hinchliffe8@virginmedia.com', 'jake041152', NULL, NULL, NULL, NULL, '07880255558', '1332805574fd9f1ae3e7ac2e6eb9ab41d47dcd4485bb789f71c739.jpg', NULL, NULL, 'android', '', 0, NULL, 'https://853u.app.link/3PQkN65QLQ', '3PQkN65QLQ', 0, 0, '', NULL, 1, 0, 0, '0', '2018-10-05 20:57:43', '2018-10-05 15:57:53', ''),
(52, NULL, NULL, 'yau chang wei', 'jerrymacaroni', 'jerrymacaroni@hotmail.com', 'jerry6435', NULL, NULL, NULL, NULL, '6583320029', '975773639b8b1b0eea71e87da80fc118261aad7035bb9cf4403841.jpg', NULL, NULL, 'android', '', 0, NULL, 'https://853u.app.link/Wz9zfVkIOQ', 'Wz9zfVkIOQ', 0, 0, '', NULL, 1, 0, 0, '0', '2018-10-07 14:17:56', '2018-10-07 09:18:06', ''),
(53, NULL, NULL, 'ALAN MORALES', 'Alanmorales015', 'nala_0151@outlook.com', 'betolecuacua00p2', NULL, NULL, NULL, NULL, '+525510789942', '19366200587077ba02210903fd34f24e329d6be18e5bba74206ec0d.jpg', NULL, NULL, NULL, NULL, 0, NULL, 'https://853u.app.link/fyGYLpBwPQ', 'fyGYLpBwPQ', 0, 0, '', NULL, 0, 0, 0, '0', '2018-10-08 02:01:20', '2018-10-07 21:01:20', ''),
(54, NULL, NULL, 'ghanshyam', 'ghanshyam', 'ghanshyam.sensussoft@gmail.com', '123456', NULL, NULL, NULL, NULL, '3698521470', '155272034272c9a7b45510fdeffe36776a43739ceb5bbaed1e66148.jpg', NULL, NULL, 'iOS', 'f6KkJMstpW4:APA91bEF4CF8it8QnXDLvaz2591FhndosPzu8UjX0TecX1T8ihrRlwymcKdf6Ztl9CcXw04hYCOq0IqFY5-10g4mSWCpIzzsMUfK9-OYkGostJo8-A3DJgkomar2ZR5fBul2inIrjCqj', 0, NULL, 'https://853u.app.link/30kwWCu7PQ', '30kwWCu7PQ', 0, 0, '', NULL, 1, 0, 0, '0', '2018-10-08 10:37:34', '2018-10-08 05:37:58', ''),
(55, NULL, NULL, 'Joel rodriquez', 'roddy0', 'rodriquez00@my.com', 'retra3610', NULL, NULL, NULL, NULL, '0407884647', '2598564388a27a76d447c50c9dfc6a63c18f4721e5bbb41fe3242c.jpg', NULL, NULL, 'android', '', 0, NULL, 'https://853u.app.link/2465Q4mxQQ', '2465Q4mxQQ', 0, 0, '', NULL, 1, 0, 0, '0', '2018-10-08 16:39:42', '2018-10-08 11:39:58', ''),
(56, NULL, NULL, 'owen cao', 'minnit', 'owen.cao97@gmail.com', 'hangman1928', NULL, NULL, NULL, NULL, '+64212586197', '4593174028e2770046f9d6317004641fd1a13a4805bbb505ec0dae.jpg', NULL, NULL, 'android', '', 0, NULL, 'https://853u.app.link/E3tQsRKBQQ', 'E3tQsRKBQQ', 0, 0, '', NULL, 0, 0, 0, '0', '2018-10-08 17:41:02', '2018-10-08 12:44:16', ''),
(57, NULL, NULL, 'Lorenzo Martani', 'graileditaly', 'lorenzo.martani@gmail.com', 'Lorebalde1', NULL, NULL, NULL, NULL, '3457980563', '1144335243746ac8fc5ecc56848034d0c1a7f666f85bbc89fb09950.jpg', NULL, NULL, 'android', '', 0, NULL, 'https://853u.app.link/Vqpypin9RQ', 'Vqpypin9RQ', 0, 0, '', NULL, 1, 0, 0, '0', '2018-10-09 15:59:07', '2018-10-09 10:59:15', ''),
(58, NULL, NULL, 'pyry sollman', 'pyryww', 'pyrysoll@gmail.com', 'petsku10', NULL, NULL, NULL, NULL, '+358451373761', '361211538b507b57db939742a40c84f0e4214e6965bbd2b0853e6c.jpg', NULL, NULL, 'android', '', 0, NULL, 'https://853u.app.link/hwORBNtWSQ', 'hwORBNtWSQ', 0, 0, '', NULL, 1, 0, 0, '0', '2018-10-10 03:26:16', '2018-10-09 22:26:26', ''),
(59, NULL, NULL, 'brendan', 'fayded33', 'brendan-ivanovski-2000@hotmail.com', 'noskibai99', NULL, NULL, NULL, NULL, '0432323323', '197009955233bf88c4f3e8f4e96effb2f68117dbdc5bc6b214a5501.jpg', NULL, NULL, 'android', '', 0, NULL, 'https://853u.app.link/soqqP98V4Q', 'soqqP98V4Q', 0, 0, '', NULL, 1, 0, 0, '0', '2018-10-17 08:52:52', '2018-10-17 03:53:08', ''),
(60, NULL, NULL, 'angelesp100696@gmail.com', 'angelesp1006', 'angelesp100696@gmail.com', 'chana123', NULL, NULL, NULL, NULL, '0613025734', '7323625026683a42f855a385af7b178b2c8dfcadd5bc6baae4444f.jpg', NULL, NULL, 'android', '', 0, NULL, 'https://853u.app.link/zEg7jILY4Q', 'zEg7jILY4Q', 0, 0, '', NULL, 1, 0, 0, '0', '2018-10-17 09:29:34', '2018-10-17 04:29:49', ''),
(61, NULL, NULL, 'Axel Salaneck Hkansson', 'teriyaki6ix2two', 'axel.salaneck@gmail.com', 'nuddles420', NULL, NULL, NULL, NULL, '+46723971966', '15841037589433c5cbcb15f4b5ec0bc79a1015f9e35bc6befd81f5d.jpg', NULL, NULL, 'android', '', 0, NULL, 'https://853u.app.link/lM6Lrb5Z4Q', 'lM6Lrb5Z4Q', 0, 0, '', NULL, 1, 0, 0, '0', '2018-10-17 09:47:57', '2018-10-17 04:48:08', ''),
(62, NULL, NULL, 'Jan Boek', 'Jondalf', 'j.boziu@gmail.com', 'Lotr Lego1', NULL, NULL, NULL, NULL, '600944940', '1100697446df05ac51767ab7af383d74c8d6b33b915bc6c886c9084.jpg', NULL, NULL, 'android', '', 0, NULL, 'https://853u.app.link/4eFYosZ24Q', '4eFYosZ24Q', 0, 0, '', NULL, 1, 0, 0, '0', '2018-10-17 10:28:38', '2018-10-17 05:28:48', ''),
(63, NULL, NULL, 'Jonas Pedersen', 'Gravgaard01', 'jonasgp9670@gmail.com', 'camlou9670', NULL, NULL, NULL, NULL, '24953239', '646734795cd24bf2975d8ad70d12cb38b479751315bc6da5c58332.jpg', NULL, NULL, 'android', '', 0, NULL, 'https://853u.app.link/bCmOPAq84Q', 'bCmOPAq84Q', 0, 0, '', NULL, 1, 0, 0, '0', '2018-10-17 11:44:44', '2018-10-17 06:45:01', ''),
(64, NULL, NULL, 'Johan hrbom', 'Wofficon', 'Johan.cm43@gmail.com', 'tzhaar32322', NULL, NULL, NULL, NULL, '0730463547', '16972319599d75f11c3b1443874307a96308b7fed85bc6de2617c04.jpg', NULL, NULL, 'android', '', 0, NULL, 'https://853u.app.link/G2Y56bA94Q', 'G2Y56bA94Q', 0, 0, '', NULL, 1, 0, 0, '0', '2018-10-17 12:00:54', '2018-10-17 07:01:07', ''),
(65, NULL, NULL, 'rik', 'rikkert19987', 'rikslappendel@gmail.com', 'B@njer123', NULL, NULL, NULL, NULL, '0615837051', '1909933283a4b8d5a7963eb704987e515df964763a5bc6e59bec1dd.jpg', NULL, NULL, 'android', '', 0, NULL, 'https://853u.app.link/Gy3hPgRb5Q', 'Gy3hPgRb5Q', 0, 0, '', NULL, 1, 0, 0, '0', '2018-10-17 12:32:43', '2018-10-17 07:33:10', ''),
(66, NULL, NULL, 'jasper klein', 'jasper', 'jasperklein130@gmail.com', 'Hendrik123', NULL, NULL, NULL, NULL, '0621647224', '1227619539d7473188b02067de6becb522b034baa15bc7016349ae3.jpg', NULL, NULL, 'android', '', 0, NULL, 'https://853u.app.link/96wSXqkk5Q', '96wSXqkk5Q', 0, 0, '', NULL, 1, 0, 0, '0', '2018-10-17 14:31:15', '2018-10-17 09:31:29', ''),
(67, NULL, NULL, 'Leo Lemnert', 'justLeo', 'leolemnert@gmail.com', 'fiwddW2y', NULL, NULL, NULL, NULL, '0722207706', '320796616664d240bfc8983ced5182c99ec82605b5bc70d2ac7e22.jpg', NULL, NULL, 'android', '', 0, NULL, 'https://853u.app.link/yEYfI1Un5Q', 'yEYfI1Un5Q', 0, 0, '', NULL, 1, 0, 0, '0', '2018-10-17 15:21:30', '2018-10-17 10:21:42', ''),
(68, NULL, NULL, 'William Holm', 'William7422', 'krill005@gmail.com', 'Karsten2', NULL, NULL, NULL, NULL, '+4553425560', '900542728d9111929f22b27c2fe5a2cccfe6d4a045bc71786ae66f.jpg', NULL, NULL, 'android', '', 0, NULL, 'https://853u.app.link/nOj2oQ4q5Q', 'nOj2oQ4q5Q', 0, 0, '', NULL, 1, 0, 0, '0', '2018-10-17 16:05:42', '2018-10-17 11:05:51', ''),
(69, NULL, NULL, 'jarne dehaes', 'jarne_dhs', '108chocolaterain@gmail.com', 'zacFTW420', NULL, NULL, NULL, NULL, '0477174766', '1626934881881ff795e1d04a4525b782834ba882135bc7191f9ef1f.jpg', NULL, NULL, 'android', '', 0, NULL, 'https://853u.app.link/jchcH2yr5Q', 'jchcH2yr5Q', 0, 0, '', NULL, 1, 0, 0, '0', '2018-10-17 16:12:31', '2018-10-17 11:12:34', ''),
(70, NULL, NULL, 'Florian Krus', 'Flowzry', 'floriankrus@gmail.com', 'fsg18956', NULL, NULL, NULL, NULL, '015736409212', '778559585720472751a10a8067b3a3b6007d5049f5bc71ee6ba702.jpg', NULL, NULL, 'android', '', 0, NULL, 'https://853u.app.link/p8U2Bgkt5Q', 'p8U2Bgkt5Q', 0, 0, '', NULL, 1, 0, 0, '0', '2018-10-17 16:37:10', '2018-10-17 11:37:23', ''),
(71, NULL, NULL, 'djjdbdb jdbev', 'MOSAMA', 'hdusnhzys6@hshjud.com', '2002200215', 'jsjskdidjdjeyd', 'jh', 'jh', 'yh', '35244812', '124645456654fc5aedcbb89d5490b7e7444b09af805bc7305595410.jpg', NULL, NULL, 'android', '', 0, NULL, 'https://853u.app.link/O4j9IPDy5Q', 'O4j9IPDy5Q', 0, 0, '', NULL, 0, 0, 0, '0', '2018-10-17 17:51:33', '2018-10-17 12:55:00', ''),
(72, NULL, NULL, 'Samuel Aronovici', 'Samuel A.', 'samuel@aronovici.de', 'Samuel2711', NULL, NULL, NULL, NULL, '+4917655480252', '57790663028dc943f0fc014ffc1f4a8f2d3aa47e35bc743e4d9c20.jpg', NULL, NULL, 'android', '', 0, NULL, 'https://853u.app.link/PizYyzBE5Q', 'PizYyzBE5Q', 0, 0, '', NULL, 1, 0, 0, '0', '2018-10-17 19:15:00', '2018-10-17 14:15:03', ''),
(73, NULL, NULL, 'Jan-philipp Altubar', 'don70', 'Jp.altubar@googlemail.com', '01734783330', NULL, NULL, NULL, NULL, '+4915124493863', '7329385247c9ae0c8326444900e2ac1274bb01a3e5bc745ed97d63.jpg', NULL, NULL, 'android', '', 0, NULL, 'https://853u.app.link/WkG0n1dF5Q', 'WkG0n1dF5Q', 0, 0, '', NULL, 1, 0, 0, '0', '2018-10-17 19:23:41', '2018-10-17 14:23:55', ''),
(74, NULL, NULL, 'Bill Skondras-Glezos', 'billychily', 'billychily@gmail.com', 'elvisjoy2015', NULL, NULL, NULL, NULL, '6975571129', '194240130514807a06df89965a59bc15ed55432b3f5bc7472ca006c.jpg', NULL, NULL, 'android', '', 0, NULL, 'https://853u.app.link/8p8d5zBF5Q', '8p8d5zBF5Q', 0, 0, '', NULL, 1, 0, 0, '0', '2018-10-17 19:29:00', '2018-10-17 14:29:29', ''),
(75, NULL, NULL, 'Jos Ramn', 'Rodriguez Corral', 'j.ramon.rodiguez@gmail.com', 'joseramon82', NULL, NULL, NULL, NULL, '611470399', '104966862013aabf7958e03420d6bcf44bd96c5e655bc74c1452fcf.jpg', NULL, NULL, 'android', '', 0, NULL, 'https://853u.app.link/PLeF9i6G5Q', 'PLeF9i6G5Q', 0, 0, '', NULL, 1, 0, 0, '0', '2018-10-17 19:49:56', '2018-10-17 14:50:09', ''),
(76, NULL, NULL, 'adil bouanani', 'Adil.b', 'adil.bouanani@outlook.com', 'A20-B12a', NULL, NULL, NULL, NULL, '31640046097', '205793301377409b87cba2dd076b50ba58d56f54085bc782a46c4e2.jpg', NULL, NULL, 'android', '', 0, NULL, 'https://853u.app.link/hziaHKJX5Q', 'hziaHKJX5Q', 0, 0, '', NULL, 1, 0, 0, '0', '2018-10-17 23:42:44', '2018-10-17 18:42:59', ''),
(77, NULL, NULL, 'Beltrn Polo', 'btl.paggro', 'belranpolo007@gmail.com', 'Regina1407', NULL, NULL, NULL, NULL, '675895093', '1391868629cb4369db1d36256676e01f05e2b3e0935bc797af97169.jpg', NULL, NULL, 'android', '', 0, NULL, 'https://853u.app.link/GfHczy935Q', 'GfHczy935Q', 0, 0, '', NULL, 1, 0, 0, '0', '2018-10-18 01:12:31', '2018-10-17 20:12:34', ''),
(78, NULL, NULL, 'Todd Baldwin', 'toddbald', 'toddalanbaldwin@gmail.com', 'walkden203', NULL, NULL, NULL, NULL, '07480746697', '911055813a80c6f64e2d9ee1cd4f91e0cfc99c8875bc87d4c02698.jpg', NULL, NULL, 'android', '', 0, NULL, 'https://853u.app.link/SzNik59b7Q', 'SzNik59b7Q', 0, 0, '', NULL, 1, 0, 0, '0', '2018-10-18 17:32:12', '2018-10-18 12:32:38', ''),
(79, NULL, NULL, 'Casper  Bechmann', 'casper17cb', 'casper17cb@gmail.com', '17Goldi17', NULL, NULL, NULL, NULL, '+4551930917', '124060734762c59f66a17f82a8bfd68177d5a4ca1e5bc88f11b2741.jpg', NULL, NULL, 'android', '', 0, NULL, 'https://853u.app.link/xHhDg3zh7Q', 'xHhDg3zh7Q', 0, 0, '', NULL, 1, 0, 0, '0', '2018-10-18 18:48:01', '2018-10-18 13:48:05', ''),
(80, NULL, NULL, 'alex clarke', 'dnhd', 'mrdunahuda@gmail.com', 'chelsearule24', NULL, NULL, NULL, NULL, '07562991624', '1279359947318154fed84c6c8cfbd896c13436748c5bc89334a9bc9.jpg', NULL, NULL, 'android', '', 0, NULL, 'https://853u.app.link/oBYPofQi7Q', 'oBYPofQi7Q', 0, 0, '', NULL, 1, 0, 0, '0', '2018-10-18 19:05:40', '2018-10-23 14:41:05', ''),
(81, NULL, NULL, 'davey de wit', 'planeetmars6', 'dewitdavey@gmail.com', 'spiderman23', NULL, NULL, NULL, NULL, '0683850681', '15180478657f992465b997cc65e2feb78fa6f9b8365bc899228d29a.jpg', NULL, NULL, 'android', '', 0, NULL, 'https://853u.app.link/Jh8JVkEk7Q', 'Jh8JVkEk7Q', 0, 0, '', NULL, 1, 0, 0, '0', '2018-10-18 19:30:58', '2018-10-18 14:31:01', ''),
(82, NULL, NULL, 'Finn Tomasch', 'finnsta', 'finnsta@gmx.de', 'slangword', NULL, NULL, NULL, NULL, '015128956188', '573382371c922f7a99037013bbdab48fe3cea49d75bc90cb09ffa3.jpg', NULL, NULL, 'android', '', 0, NULL, 'https://853u.app.link/qpbNuLST7Q', 'qpbNuLST7Q', 0, 0, '', NULL, 1, 0, 0, '0', '2018-10-19 03:44:00', '2018-11-23 17:18:49', ''),
(83, NULL, NULL, 'Lukas', 'luck2y', 'luki1160@gmail.com', 'lisalisa9', NULL, NULL, NULL, NULL, '+436644356834', '17334074604cfd3f61a4b92681192492a2a3906a365bc9fbc7657c8.jpg', NULL, NULL, 'android', '', 0, NULL, 'https://853u.app.link/2tfQBsM48Q', '2tfQBsM48Q', 0, 0, '', NULL, 1, 0, 0, '0', '2018-10-19 20:44:07', '2018-10-19 15:44:28', ''),
(84, NULL, NULL, 'robert betegh', 'robert222004', 'robybetegh@gmail.com', 'robchris1', NULL, NULL, NULL, NULL, '615130048', '1435727116aeb349e92c1083e8a39f2c37a86f87ec5bca3191a4cf2.jpg', NULL, NULL, 'android', '', 0, NULL, 'https://853u.app.link/rFZEAibl9Q', 'rFZEAibl9Q', 0, 0, '', NULL, 1, 0, 0, '0', '2018-10-20 00:33:37', '2018-10-19 19:33:55', ''),
(85, NULL, NULL, 'Antonio da Costa Cruz', 'tony85567', 'antoniocruz1999@gmail.com', 'cerva1999', NULL, NULL, NULL, NULL, '916297202', '139582506390c29b8a4e71679e8f6d9627b0118daa5bca3df2537fb.jpg', NULL, NULL, 'android', '', 0, NULL, 'https://853u.app.link/REgxohXo9Q', 'REgxohXo9Q', 0, 0, '', NULL, 1, 0, 0, '0', '2018-10-20 01:26:26', '2018-10-19 20:27:21', ''),
(86, NULL, NULL, 'ian jung', 'jung', 'monkeyt0321@gmail.com', 'superian', NULL, NULL, NULL, NULL, '01063165664', '709189567cd347bc0437f96f1f73c4d0749dd810d5bca8e1c3043c.jpg', NULL, NULL, 'android', '', 0, NULL, 'https://853u.app.link/OL8kIGoN9Q', 'OL8kIGoN9Q', 0, 0, '', NULL, 1, 0, 0, '0', '2018-10-20 07:08:28', '2018-10-20 02:08:40', ''),
(87, NULL, NULL, 'Andi Abutoaiei', '4inter', 'abutoaiei.andi@gmail.com', 'mamaluiandi', NULL, NULL, NULL, NULL, '+40722818358', '59075564351daef49f80df536134d235e71e70c2e5bcb07e6a8766.jpg', NULL, NULL, 'android', '', 0, NULL, 'https://853u.app.link/A5RpAZwoaR', 'A5RpAZwoaR', 0, 0, '', NULL, 1, 0, 0, '0', '2018-10-20 15:48:06', '2018-10-20 10:48:19', ''),
(88, NULL, NULL, 'Aaron De Mornay', '~Aaron~', 'aarondm04@gmail.com', 'jearadm0104', NULL, NULL, NULL, NULL, '81188297', '9435680952374c403f17d192b7a59f901fe81805c5bcb14cda542d.jpg', NULL, NULL, 'android', '', 0, NULL, 'https://853u.app.link/ze6QDTssaR', 'ze6QDTssaR', 0, 0, '', NULL, 1, 0, 0, '0', '2018-10-20 16:43:09', '2018-10-20 11:43:24', ''),
(89, NULL, NULL, 'limenhin', 'oscar', 'limenhin10@gmail.com', '3dC6Em4t', NULL, NULL, NULL, NULL, '61461050', '8661161218069f3bdbb9e58bb782b0c0b311aaa555bcbf72aac91e.jpg', NULL, NULL, 'android', '', 0, NULL, 'https://853u.app.link/5R4bZ1tzbR', '5R4bZ1tzbR', 0, 0, '', NULL, 1, 0, 0, '0', '2018-10-21 08:48:58', '2018-10-21 03:49:02', ''),
(90, NULL, NULL, 'Will Reid', 'Will.Reid33', 'will_reid47@outlook.com', 'Tomato65pen', NULL, NULL, NULL, NULL, '0448336786', '17807163867d49f1ea152ffbeab8eed2f0fd11fbbf5bcc4f7e453be.jpg', NULL, NULL, 'android', '', 0, NULL, 'https://853u.app.link/wFs3EJp0bR', 'wFs3EJp0bR', 0, 0, '', NULL, 1, 0, 0, '0', '2018-10-21 15:05:50', '2018-10-21 10:06:06', ''),
(91, NULL, NULL, 'Abdullah', 'Fairoos', 'abdullahfairoos@hotmail.com', 'asd123', NULL, NULL, NULL, NULL, '07497370124', '5066699446580a4c6228495c9d8afa64b5467ebcf5bcc734658b2e.jpg', NULL, NULL, 'android', '', 0, NULL, 'https://853u.app.link/Mik4i9jbcR', 'Mik4i9jbcR', 0, 0, '', NULL, 1, 0, 0, '0', '2018-10-21 17:38:30', '2018-10-21 12:38:46', ''),
(92, NULL, NULL, 'Shayan Patel', 'shayzee229', 'shayan@shayanpatel.com', 'shayan229', NULL, NULL, NULL, NULL, '07548282123', '10198338365377f42b9f94ee764f75ebaf74a40d15bcc8cc06ffc0.jpg', NULL, NULL, 'android', '', 0, NULL, 'https://853u.app.link/Qbl99K5icR', 'Qbl99K5icR', 0, 0, '', NULL, 1, 0, 0, '0', '2018-10-21 19:27:12', '2018-10-21 14:27:21', ''),
(93, NULL, NULL, 'Paul', 'paulepue', 'wickleinpaul@gmail.com', 'paul4321', NULL, NULL, NULL, NULL, '+4915233537609', '1740292858e8c1d65e345e0029f8d2bcb5e2326b905bcc8f9159a0e.jpg', NULL, NULL, 'android', '', 0, NULL, 'https://853u.app.link/LQCa3ZWjcR', 'LQCa3ZWjcR', 0, 0, '', NULL, 1, 0, 0, '0', '2018-10-21 19:39:13', '2018-10-21 14:39:24', ''),
(94, NULL, NULL, 'Alex Cheng Ruan', 'Alex05ch', 'alex.cheng2002@gmail.com', 'Alex1313242456', NULL, NULL, NULL, NULL, '+34688090976', '1644977194dad0a043131d25887861add4bf0e798d5bcc926f5f5cb.jpg', NULL, NULL, 'android', '', 0, NULL, 'https://853u.app.link/LlxAHcPkcR', 'LlxAHcPkcR', 0, 0, '', NULL, 1, 0, 0, '0', '2018-10-21 19:51:27', '2018-10-21 14:51:42', ''),
(95, NULL, NULL, 'Sam Ai', 'Saintnessy', 'sam.buisness@yahoo.com', '2001Liam', NULL, NULL, NULL, NULL, '+4915732226257', '1020675241ab4e707629e65db329075a8598170ff5bcc9cec3e32d.jpg', NULL, NULL, 'android', '', 0, NULL, 'https://853u.app.link/EO4m7r1ncR', 'EO4m7r1ncR', 0, 0, '', NULL, 1, 0, 0, '0', '2018-10-21 20:36:12', '2018-10-21 15:36:31', ''),
(96, NULL, NULL, 'samuel', 'sam.lee47', 'leesamuelorange3@gmail.com', '21orange', NULL, NULL, NULL, NULL, '83320820', '52047303978819df7d9a03151652f565ecc5c2abf5bccbec495e9b.jpg', NULL, NULL, 'android', '', 0, NULL, 'https://853u.app.link/Gcro3flycR', 'Gcro3flycR', 0, 0, '', NULL, 1, 0, 0, '0', '2018-10-21 23:00:36', '2018-10-21 18:00:55', ''),
(97, NULL, NULL, 'Lucas Rietsema', 'lucasweg', 'rietsemalucas@gmail.com', 'k28z84s69', NULL, NULL, NULL, NULL, '0643141801', '567721693f35406a5b6f78b8f060679e7bf4158e5bccc19e04413.jpg', NULL, NULL, 'android', '', 0, NULL, 'https://853u.app.link/L2paN7czcR', 'L2paN7czcR', 0, 0, '', NULL, 1, 0, 0, '0', '2018-10-21 23:12:46', '2018-10-21 18:13:06', ''),
(98, NULL, NULL, 'Andrew Fuller', 'full~of~swoosh', 'andyfuller16@gmail.com', 'mason2007', NULL, NULL, NULL, NULL, '07717575284', '1509551215befe16be650bf63e355f76e64de0b22e5bcccef389cb3.jpg', NULL, NULL, 'android', '', 0, NULL, 'https://853u.app.link/WJQBVehDcR', 'WJQBVehDcR', 0, 0, '', NULL, 1, 0, 0, '0', '2018-10-22 00:09:39', '2018-10-21 19:09:54', ''),
(99, NULL, NULL, 'Tom Lawson', 'tomlawson', 'tomlawson123@icloud.com', 'Jaguarxkr1', NULL, NULL, NULL, NULL, '+447740481898', '487482915e2f5f87f0e3efc713ddec616c10b341f5bccd2544543b.jpg', NULL, NULL, 'android', '', 0, NULL, 'https://853u.app.link/xnq6e2iEcR', 'xnq6e2iEcR', 0, 0, '', NULL, 1, 0, 0, '0', '2018-10-22 00:24:04', '2018-10-21 19:24:11', ''),
(100, NULL, NULL, 'joel guadarrama', 'gucci748', 'joelguadarrama748@gmail.com', 'joel7489', NULL, NULL, NULL, NULL, '9083540350', '1391876322feca188dc3829aa2977930e2ade635585bccfef784cde.jpg', NULL, NULL, 'android', '', 0, NULL, 'https://853u.app.link/ZJOPqRURcR', 'ZJOPqRURcR', 0, 0, '', NULL, 1, 0, 0, '0', '2018-10-22 03:34:31', '2018-10-21 22:34:57', ''),
(101, NULL, NULL, 'Lass dahl Larsen', 'ladala171101', 'ladala1711@gmail.com', 'fvr92pvd', NULL, NULL, NULL, NULL, '81102955', '1638825955ba27bc2c16769c189aebc7ecf6ec04275bce22c1a720d.jpg', NULL, NULL, 'android', '', 0, NULL, 'https://853u.app.link/YnlHoOSieR', 'YnlHoOSieR', 0, 0, '', NULL, 1, 0, 0, '0', '2018-10-23 00:19:29', '2018-10-22 19:19:40', ''),
(102, NULL, NULL, 'Denico Marshall', 'Denico.M11', 'thekidfrommars11@gmail.com', 'themarshall11', 'Shaftesbury Circle, Shaftesbury Avenue', '22', 'harrow', 'middlesex', '07455058879', '82220456504f5a37abc16ef8663a562da8eb7d5b65bce440c9819f.jpg', NULL, NULL, 'android', '', 0, NULL, 'https://853u.app.link/3BNpVc2seR', '3BNpVc2seR', 0, 0, '', NULL, 1, 0, 0, '0', '2018-10-23 02:41:32', '2018-10-22 21:42:56', ''),
(103, NULL, NULL, 'Leo Nicholson', 'leo', 'leo.nicholson.ln@gmail.com', 'minecraft2007', NULL, NULL, NULL, NULL, '07722083234', '7328553883b126fe58eecf7d6f9d5c336873c67a25bcf0225a3606.jpg', NULL, NULL, 'android', '', 0, NULL, 'https://853u.app.link/OylheKZofR', 'OylheKZofR', 0, 0, '', NULL, 1, 0, 0, '0', '2018-10-23 16:12:37', '2018-10-23 11:12:56', ''),
(104, NULL, NULL, 'Daniel Luderer', 'LuDa', 'danielluderer1311@gmail.com', 'Daniluda1311', NULL, NULL, NULL, NULL, '01734736427', '22920344aa9ad13c37f41947dda2d8860d8743085bd0b8daec453.jpg', NULL, NULL, 'android', '', 0, NULL, 'https://853u.app.link/6uwBk1KyhR', '6uwBk1KyhR', 0, 0, '', NULL, 1, 0, 0, '0', '2018-10-24 23:24:26', '2018-10-24 18:24:34', ''),
(105, NULL, NULL, 'jd lim', 'jdlim2014', 'jeremydarren49@gmail.com', 'Ateneo2014', NULL, NULL, NULL, NULL, '09088884250', '16469213382f3dfd5c44d0c2bc83d142d083b3f3275bd402c868182.jpg', NULL, NULL, 'android', '', 0, NULL, 'https://853u.app.link/BngrVEsHlR', 'BngrVEsHlR', 0, 0, '', NULL, 1, 0, 0, '0', '2018-10-27 11:16:40', '2018-10-27 06:17:01', ''),
(106, NULL, NULL, 'Omar', 'letsbefreeonlife', 'caballon1@gmail.com', 'puravida', NULL, NULL, NULL, NULL, '+17875284331', '14192804b7e45514bcc06e2f2c5a821f25381f105bd508059d2ad.jpg', NULL, NULL, 'android', '', 0, NULL, 'https://853u.app.link/qboiY46YmR', 'qboiY46YmR', 0, 0, '', NULL, 1, 0, 0, '0', '2018-10-28 05:51:17', '2018-10-28 00:51:42', ''),
(107, NULL, NULL, 'Nate Fortune', 'fortunenate', 'fortunenate@gmail.com', 'Natenator2018', NULL, NULL, NULL, NULL, '4149311558', '1964220391381fe86c0a697df524d4c8605b5c74255bd707174c02b.jpg', NULL, NULL, 'android', '', 0, NULL, 'https://853u.app.link/vXB3xjWupR', 'vXB3xjWupR', 0, 0, '', NULL, 1, 0, 0, '0', '2018-10-29 18:11:51', '2018-10-29 13:12:23', ''),
(108, NULL, NULL, 'Victor gallery des granges', 'victorgdg', 'hoigaga70@gmail.com', 'frankrijk123', NULL, NULL, NULL, NULL, '+31636305908', '13006911758d20900a2d61503d9810496a5fa9062d5bd740b95b557.jpg', NULL, NULL, 'android', '', 0, NULL, 'https://853u.app.link/TTDSyJvMpR', 'TTDSyJvMpR', 0, 0, '', NULL, 1, 0, 0, '0', '2018-10-29 22:17:45', '2018-10-29 17:18:05', ''),
(109, NULL, NULL, 'Mikkel Thonning Knudsen', 'Knuudsen1', 'aa54913@gmail.com', 'Mikk602f', NULL, NULL, NULL, NULL, '22859022', '704640739cabfa0de8997494e05c49d3c6e5a86515bdabacd282d2.jpg', NULL, NULL, 'android', '', 0, NULL, 'https://853u.app.link/xFTUFBT9tR', 'xFTUFBT9tR', 0, 0, '', NULL, 1, 0, 0, '0', '2018-11-01 13:35:25', '2018-11-01 08:35:42', ''),
(110, NULL, NULL, 'Lucas Delker', 'BadBanana321', 'lucasdelker@gmx.de', 'schinkenwurst321', NULL, NULL, NULL, NULL, '017652869800', '227231039acdaa88cc68a47e9225fc73a0aa8df665be304669a538.jpg', NULL, NULL, 'android', '', 0, NULL, 'https://853u.app.link/Q6EaSWLAER', 'Q6EaSWLAER', 0, 0, '', NULL, 1, 0, 0, '0', '2018-11-07 21:27:34', '2018-11-07 15:28:14', ''),
(111, NULL, NULL, 'Scott white', 'scottwhite21', 'scottpietrowhite@gmail.com', 'George27', NULL, NULL, NULL, NULL, '+447970792868', '175790200c6db2ed221bbba57bb7bc015512f3f615be32f1f96ecf.jpg', NULL, NULL, 'android', '', 0, NULL, 'https://853u.app.link/GsLsByNNER', 'GsLsByNNER', 0, 0, '', NULL, 1, 0, 0, '0', '2018-11-08 00:29:51', '2018-11-07 18:30:03', ''),
(112, NULL, NULL, 'Nuzaihan Riza', 'nuzaihanriza', 'nuzaihanriza@gmail.com', 'Bazlin84', NULL, NULL, NULL, NULL, '353838495417', '5177607060b6657095993695a997d688bfa7db0015be3394614e53.jpg', NULL, NULL, 'android', '', 0, NULL, 'https://853u.app.link/IvkG6qTQER', 'IvkG6qTQER', 0, 0, '', NULL, 1, 0, 0, '0', '2018-11-08 01:13:10', '2018-11-07 19:13:27', ''),
(113, NULL, NULL, 'tsogtgerel', 'tsogtoo', 'tsogtgereltsogtoo06@gmail.com', '97101729', NULL, NULL, NULL, NULL, '08093562290', '1879388018764730bea6b610690de4d53701053f1d5be4390134aad.jpg', NULL, NULL, 'android', '', 0, NULL, 'https://853u.app.link/yw4UVJR6FR', 'yw4UVJR6FR', 0, 0, '', NULL, 1, 0, 0, '0', '2018-11-08 19:24:17', '2018-11-08 13:25:00', ''),
(114, NULL, NULL, 'Ali Alkhafaji', 'daprof', 'improbablyreal@outlook.com', 'Ugotnothing1', NULL, NULL, NULL, NULL, '07897936639', '1376842404c9c26b037f34ce2b7f9019d3d4b32db65bebff6f24c48.jpg', NULL, NULL, 'android', '', 0, NULL, 'https://853u.app.link/vBACZsKTPR', 'vBACZsKTPR', 0, 0, '', NULL, 1, 0, 0, '0', '2018-11-14 16:56:47', '2018-11-14 10:57:30', ''),
(115, NULL, NULL, 'matthew acosta', 'vaughn', 'm.acosta1922@gmail.com', 'abpsn555', NULL, NULL, NULL, NULL, '9293337554', '189462030454ccd8c5fe7dc7019a09ec9e2841530b5bf0a297b3af1.jpg', NULL, NULL, 'android', '', 0, NULL, 'https://853u.app.link/VncJSiIJVR', 'VncJSiIJVR', 0, 0, '', NULL, 1, 0, 0, '0', '2018-11-18 05:21:59', '2018-11-17 23:22:19', ''),
(116, NULL, NULL, 'Arthur Joye', '2853', 'arthurjoye2@gmail.com', 'flo928539', NULL, NULL, NULL, NULL, '0478346271', '5175597217debda06409cdf6804fc69c8d49257fb5bfec41b14b27.jpg', NULL, NULL, 'android', '', 0, NULL, 'https://853u.app.link/iDUcF9GwdS', 'iDUcF9GwdS', 0, 0, '', NULL, 1, 0, 0, '0', '2018-11-28 22:36:43', '2018-11-28 16:36:57', ''),
(117, NULL, NULL, 'Jordy Bruil', 'jordybruil', 'jordybruill@gmail.com', 'VVVviod12', NULL, NULL, NULL, NULL, '0640601771', '139102541159a719ff50f46a0463f23798d852bbc85c006548a3033.jpg', NULL, NULL, 'android', '', 0, NULL, 'https://853u.app.link/LxVOepTzfS', 'LxVOepTzfS', 0, 0, '', NULL, 1, 0, 0, '0', '2018-11-30 04:16:40', '2018-11-29 22:16:57', ''),
(118, NULL, NULL, 'Kevin Lee', 'Kev.theshoehead', 'kevin0325lee@gmail.com', 'Kelee3020', NULL, NULL, NULL, NULL, '8049689979', '846000130146c4844b2b89ca0754a62f8482c72ea5c039e43073c9.jpg', NULL, NULL, 'android', '', 0, NULL, 'https://853u.app.link/H6zHPEqDjS', 'H6zHPEqDjS', 0, 0, '', NULL, 1, 0, 0, '0', '2018-12-02 14:56:35', '2018-12-02 08:57:01', ''),
(119, NULL, NULL, 'Josh McCausland', 'JoshMcCausland', 'joshmccausland16@gmail.com', 'animal1346790', NULL, NULL, NULL, NULL, '07393305184', '195311248117d59729811759d45d10ad7ad90fcd975c0596158e9ce.jpg', NULL, NULL, 'android', '', 0, NULL, 'https://853u.app.link/Clja3O26lS', 'Clja3O26lS', 0, 0, '', NULL, 1, 0, 0, '0', '2018-12-04 02:46:13', '2018-12-03 20:46:30', ''),
(120, NULL, NULL, 'Adrin Prada', 'adripradaa_', 'adrifutbol17@gmail.com', 'platano1', NULL, NULL, NULL, NULL, '651547037', '6087704230f51bc9b5d2e4847e0249cb22f5909b85c06906e3327f.jpg', NULL, NULL, 'android', '', 0, NULL, 'https://853u.app.link/JWoSuknlnS', 'JWoSuknlnS', 0, 0, '', NULL, 1, 0, 0, '0', '2018-12-04 20:34:22', '2018-12-04 14:34:39', ''),
(121, NULL, NULL, 'Anthony', 'Anthony Reyes', 'Reyesanthony072@gmail.com', 'anthonysteven12', NULL, NULL, NULL, NULL, '7875329727', '1718299018178187668fc86a9d32ec0331bbe4350c5c09b59117ac0.jpg', NULL, NULL, 'android', '', 0, NULL, 'https://853u.app.link/dK1iItRirS', 'dK1iItRirS', 0, 0, '', NULL, 1, 0, 0, '0', '2018-12-07 05:49:37', '2018-12-06 23:49:50', ''),
(122, NULL, NULL, 'Cristhian  Diaz', 'kristhian199', 'kristhian199@gmail.com', '81741604123', NULL, NULL, NULL, NULL, '3214978018', '1897339211895f0a32fa7341945d1999c7fae6ea255c0dbf2bca2fc.jpg', NULL, NULL, 'android', '', 0, NULL, 'https://853u.app.link/ZLMbDz0nwS', 'ZLMbDz0nwS', 0, 0, '', NULL, 0, 0, 0, '0', '2018-12-10 07:19:39', '2018-12-10 01:21:37', ''),
(123, NULL, NULL, 'Nathan Nguyen', 'trantram001', 'nathan.nguyen0912@gmail.com', 'Hau19200', NULL, NULL, NULL, NULL, '0497888279', '19149616545e232f1057cac88b2db0ac24d476f1755c1431fc47689.jpg', NULL, NULL, 'android', '', 0, NULL, 'https://853u.app.link/YybF4glvES', 'YybF4glvES', 0, 0, '', NULL, 1, 0, 0, '0', '2018-12-15 04:43:08', '2018-12-14 22:43:15', ''),
(124, NULL, NULL, 'nicolas', 'molina', 'nicolasmolinao94@gmail.com', 'ciro2016', NULL, NULL, NULL, NULL, '1168633145', '188794638167daa96f038aa2abb3d11235c8470e8d5c1706c2f248e.jpg', NULL, NULL, 'android', '', 0, NULL, 'https://853u.app.link/0gOdsjk4HS', '0gOdsjk4HS', 0, 0, '', NULL, 1, 0, 0, '0', '2018-12-17 08:15:30', '2018-12-17 02:15:36', ''),
(125, NULL, NULL, 'Florian Woll', 'flow194', 'saartuber@googlemail.com', 'Bundeswehr1', NULL, NULL, NULL, NULL, '+4915111271027', '1511903653b2d8b6209b1dd79fa57a906301df517f5c1794405cbaa.jpg', NULL, NULL, 'android', '', 0, NULL, 'https://853u.app.link/8bXtJ0sLIS', '8bXtJ0sLIS', 0, 0, '', NULL, 1, 0, 0, '0', '2018-12-17 18:19:12', '2018-12-17 12:19:22', ''),
(126, NULL, NULL, 'minjun', 'minjunly', 'minjunly05043109@gmail.com', 'minjunly', NULL, NULL, NULL, NULL, '98935437', '834819269c10d0fae082fb6d4986cb8ad969b15335c188ed1ef4de.jpg', NULL, NULL, 'android', '', 0, NULL, 'https://853u.app.link/g6jXKIRZJS', 'g6jXKIRZJS', 0, 0, '', NULL, 1, 0, 0, '0', '2018-12-18 12:08:17', '2018-12-18 06:08:37', ''),
(127, NULL, NULL, 'lennon arnot', 'OS--Storm', 'lennonarnot03@gmail.com', 'lenbob2003', NULL, NULL, NULL, NULL, '07414981571', '14583689326d88ad59e1c9bf9209e6f9ce581590a65c196c2205f84.jpg', NULL, NULL, 'android', '', 0, NULL, 'https://853u.app.link/XBBYmnl5KS', 'XBBYmnl5KS', 0, 0, '', NULL, 1, 0, 0, '0', '2018-12-19 03:52:34', '2018-12-18 21:52:44', ''),
(128, NULL, NULL, 'adi dolav rabinovich maman', 'adi2102', 'adi55799@gmail.com', '21022001', NULL, NULL, NULL, NULL, '0505842742', '58815619169da34bb121ea8df4933a7f067a1e8ea5c1e6bff0130c.jpg', NULL, NULL, 'android', '', 0, NULL, 'https://853u.app.link/LgwvOGznRS', 'LgwvOGznRS', 0, 0, '', NULL, 1, 0, 0, '0', '2018-12-22 22:53:19', '2018-12-22 16:53:38', ''),
(129, NULL, NULL, 'Tomo Kazuno', 'tk23', 'tomokazuno5@gmail.com', '522bigboy', NULL, NULL, NULL, NULL, '0450203348', '1441573972b2370b42672639f3fb56e69a5e864705c1f881572a16.jpg', NULL, NULL, 'android', '', 0, NULL, 'https://853u.app.link/QPDuh2bMSS', 'QPDuh2bMSS', 0, 0, '', NULL, 1, 0, 0, '0', '2018-12-23 19:05:25', '2018-12-23 13:05:47', ''),
(130, NULL, NULL, 'Carlos Gomez Navajas', 'CGNavajas', 'cgnavajas@gmail.com', 'navaja07', NULL, NULL, NULL, NULL, '639660422', '2105737335ec0ada7f4e0f8ac5f7580b68166ca5f05c29290b51a72.jpg', NULL, NULL, 'android', '', 0, NULL, 'https://853u.app.link/8t2PqdLT4S', '8t2PqdLT4S', 0, 0, '', NULL, 1, 0, 0, '0', '2018-12-31 02:22:35', '2018-12-30 20:22:45', ''),
(131, NULL, NULL, 'Kai Kowalke', 'Kai Ko', 'kaikowalke@web.de', '3Distcrazy', NULL, NULL, NULL, NULL, '004915752453917', '726261797e4d6e1d35e19c8333af1ae5414cdc9245c2933c1b0e9f.jpg', NULL, NULL, 'android', '', 0, NULL, 'https://853u.app.link/dDyr9I1W4S', 'dDyr9I1W4S', 0, 0, '', NULL, 1, 0, 0, '0', '2018-12-31 03:08:17', '2018-12-30 21:08:32', ''),
(132, NULL, NULL, 'Diego capel', 'Capel8', 'diegocapel@hotmail.com', 'Dieloy94', NULL, NULL, NULL, NULL, '622172178', '150075611dcee8da4c2e3ed9266274d541747c5ff5c2a883d418dc.jpg', NULL, NULL, 'android', '', 0, NULL, 'https://853u.app.link/9kft28PC6S', '9kft28PC6S', 0, 0, '', NULL, 1, 0, 0, '0', '2019-01-01 03:21:01', '2018-12-31 21:21:12', ''),
(133, NULL, NULL, 'Dovydas', 'Dovydas', 'Dovydastolkan@gmail.com', 'Dovydas1', NULL, NULL, NULL, NULL, '867437427', '5185300205d21998c12f799c36e164be901c6487a5c2b8ec4d2b26.jpg', NULL, NULL, 'android', '', 0, NULL, 'https://853u.app.link/2sbH6XSU7S', '2sbH6XSU7S', 0, 0, '', NULL, 1, 0, 0, '0', '2019-01-01 22:01:08', '2019-01-01 16:01:23', ''),
(134, NULL, NULL, 'Donovan', 'Vandam777', 'donovanroberts777@gmail.com', 'Danielle777', NULL, NULL, NULL, NULL, '08028992873', '1915521888b492928037c147ccd6dd9a0e5f219565c2d0c924d309.jpg', NULL, NULL, 'android', '', 0, NULL, 'https://853u.app.link/m8ecCuiN9S', 'm8ecCuiN9S', 0, 0, '', NULL, 1, 0, 0, '0', '2019-01-03 01:10:10', '2019-01-02 19:10:23', ''),
(135, NULL, NULL, 'Philipp Mller', 'Phil', 'philsportal@web.de', 'account7', NULL, NULL, NULL, NULL, '015170872611', '1195937921166d885372c42acd8b95dfb18adb5ca65c3524ce199a6.jpg', NULL, NULL, 'android', '', 0, NULL, 'https://853u.app.link/ONoAuD7YjT', 'ONoAuD7YjT', 0, 0, '', NULL, 1, 0, 0, '0', '2019-01-09 04:31:42', '2019-01-08 22:32:05', ''),
(136, NULL, NULL, 'Danny Lin', 'dannylin314', 'dannylin314@hotmail.com', 'QWerTY14', NULL, NULL, NULL, NULL, '07445659955', '200424675b270bead826195a9fda8a1d668e3ef3c5c3bab0be8f42.jpg', NULL, NULL, 'android', '', 0, NULL, 'https://853u.app.link/OTNbQAncsT', 'OTNbQAncsT', 0, 0, '', NULL, 1, 0, 0, '0', '2019-01-14 03:18:03', '2019-01-13 21:18:18', ''),
(137, NULL, NULL, 'Davide Borriello', 'dabo.98', 'davideborriello3@gmail.com', 'dabonapoli38', NULL, NULL, NULL, NULL, '3663238560', '1516183503d3d0095a904746a8e6eb463d5b26b5085c3d253c2c433.jpg', NULL, NULL, 'android', '', 0, NULL, 'https://853u.app.link/CHmAaOG3tT', 'CHmAaOG3tT', 0, 0, '', NULL, 1, 0, 0, '0', '2019-01-15 06:11:40', '2019-01-15 00:11:52', ''),
(138, NULL, NULL, 'Anthony Crews', 'rawdawg', 'rawatabb78@gmail.com', 'winterishere', NULL, NULL, NULL, NULL, '4344463957', '20104370651bb2117ff79340f03f17a9a087f6d8b05c42d9dc07fb7.jpg', NULL, NULL, 'android', '', 0, NULL, 'https://853u.app.link/3VIQ8b2eBT', '3VIQ8b2eBT', 0, 0, '', NULL, 1, 0, 0, '0', '2019-01-19 14:03:40', '2019-01-19 08:03:58', ''),
(139, NULL, NULL, 'Mehmet Simsek', 'sbmesims', 'm.simsek1998@gmail.com', 'ms221098', NULL, NULL, NULL, NULL, '+491723575788', '1492325464aa89f4074cb08d7843b0ea03659fa79c5c4366d25a39d.jpg', NULL, NULL, 'android', '', 0, NULL, 'https://853u.app.link/tSeEYV0VBT', 'tSeEYV0VBT', 0, 0, '', NULL, 1, 0, 0, '0', '2019-01-20 00:05:06', '2019-01-19 18:05:28', ''),
(140, NULL, NULL, 'Jimmy', 'Nail', 's4087988@gmail.com', 'at399taa', NULL, NULL, NULL, NULL, '0452123658', '88704441939cad0486d88a4b3e6f4117d752abb375c43aee7d6fff.jpg', NULL, NULL, 'android', '', 0, NULL, 'https://853u.app.link/NKw6rAZhCT', 'NKw6rAZhCT', 0, 0, '', NULL, 1, 0, 0, '0', '2019-01-20 05:12:39', '2019-01-19 23:12:54', '');
INSERT INTO `auction_user` (`User_Id`, `FB_Id`, `Gmail_Id`, `User_FullName`, `User_Name`, `User_Email`, `User_Password`, `User_Address`, `User_UnitNo`, `User_City`, `User_State`, `User_Phone`, `User_ProfilePic`, `User_Latitude`, `User_Longitude`, `User_DeviceType`, `User_DeviceToken`, `User_verified`, `Shipping_Address`, `User_Url`, `User_Identity`, `User_Share`, `User_Install`, `User_Install_User`, `User_Reward`, `Is_Login`, `User_Status`, `Frist_Login`, `wallet_balance`, `created`, `modified`, `Login_Type`) VALUES
(141, NULL, NULL, 'Harrison John Owers', 'Harryj13', 'harrison.owers.rocks@gmail.com', 'Harrison1325', NULL, NULL, NULL, NULL, '0276135888', '197941956679c1b557a026d3bcb01c4fcb51ce2cfa5c46bc5aca9e0.jpg', NULL, NULL, 'android', '', 0, NULL, 'https://853u.app.link/ADB5UXf8FT', 'ADB5UXf8FT', 0, 0, '', NULL, 1, 0, 0, '0', '2019-01-22 12:46:50', '2019-01-22 06:47:15', ''),
(142, NULL, NULL, 'Simon', 'S_Wox', 'schimon2307@gmail.com', '12stubai', NULL, NULL, NULL, NULL, '1795980934', '1306119498bd4851189c647c2d6be1c72d72f503db5c4ded7ce46ef.jpg', NULL, NULL, 'android', '', 0, NULL, 'https://853u.app.link/N7KjKqCbPT', 'N7KjKqCbPT', 0, 0, '', NULL, 1, 0, 0, '0', '2019-01-27 23:42:20', '2019-01-27 17:42:44', ''),
(143, NULL, NULL, 'noman Khan', 'supreme Royale', 'gamingtolli@gmail.com', 'amelia2001', NULL, NULL, NULL, NULL, '07426671740', '1442580427337c1878aaf381d2c9bc8b84a5b6fd435c4fcf928eb36.jpg', NULL, NULL, 'android', '', 0, NULL, 'https://853u.app.link/rVeqnFByRT', 'rVeqnFByRT', 0, 0, '', NULL, 1, 0, 0, '0', '2019-01-29 09:59:14', '2019-01-29 03:59:29', ''),
(144, NULL, NULL, 'Peter Zachariah', 'pzhz1999@gmail.com', 'pzhz1999@gmail.com', 'Alowicios123', NULL, NULL, NULL, NULL, '4256813850', '1334051657e1370718a56b877e53f5f5d0f8ef8aa15c4fd4ecde577.jpg', NULL, NULL, 'android', '', 0, NULL, 'https://853u.app.link/oPUp3QeART', 'oPUp3QeART', 0, 0, '', NULL, 1, 0, 0, '0', '2019-01-29 10:22:04', '2019-01-29 04:22:14', ''),
(145, NULL, NULL, 'Adrian hasselmann', 'simba', 'adrianhasselmann@gmail.com', 'eritus123', NULL, NULL, NULL, NULL, '015737272800', '1414289526a2657c4f4ea25732f19725b7874963bd5c501536030ad.jpg', NULL, NULL, 'android', '', 0, NULL, 'https://853u.app.link/32HBz6PTRT', '32HBz6PTRT', 0, 0, '', NULL, 1, 0, 0, '0', '2019-01-29 14:56:22', '2019-01-29 08:56:38', ''),
(146, NULL, NULL, 'Nuon Rithysak', 'rithysak10', 'johnscorpio10@gmail.com', 'rithysak10', NULL, NULL, NULL, NULL, '+855963695270', '118943656874122fc7f81e86fd0bfbb66bb2203a7a5c5327c53d578.jpg', NULL, NULL, 'android', '', 0, NULL, 'https://853u.app.link/aZMWI5ELVT', 'aZMWI5ELVT', 0, 0, '', NULL, 1, 0, 0, '0', '2019-01-31 22:52:21', '2019-01-31 16:52:42', ''),
(147, NULL, NULL, 'Lewus Nganga', 'LewisNganga13', 'dorrymwati@yahoo.com', 'LewisNganga13', NULL, NULL, NULL, NULL, '6789083643', '1685631115929795278bb6cc9d651ca5319d696375c536699511cf.jpg', NULL, NULL, 'android', '', 0, NULL, 'https://853u.app.link/MZQXGMO4VT', 'MZQXGMO4VT', 0, 0, '', NULL, 1, 0, 0, '0', '2019-02-01 03:20:25', '2019-01-31 21:23:08', ''),
(148, NULL, NULL, 'Lewis Nganga', 'LewisNganga2006', 'dr.lewisnganga@gmail.com', 'LewisNganga13', NULL, NULL, NULL, NULL, '6789083643', '18372948567ae50c3581f54a1a8b7da878c09f0e9a5c53672b890cd.jpg', NULL, NULL, NULL, NULL, 0, NULL, 'https://853u.app.link/dWf1TzZ4VT', 'dWf1TzZ4VT', 0, 0, '', NULL, 0, 0, 0, '0', '2019-02-01 03:22:51', '2019-01-31 21:22:51', ''),
(149, NULL, NULL, 'jalen manney', 'misfit', 'jalen.manney15@gmail.com', '1980055Jalen', NULL, NULL, NULL, NULL, '2196788144', '468826581ffe9005b4e9e7422ed6fea0485ec90605c5653ce9729b.jpg', NULL, NULL, 'android', '', 0, NULL, 'https://853u.app.link/5ATwyGfLZT', '5ATwyGfLZT', 0, 0, '', NULL, 1, 0, 0, '0', '2019-02-03 08:37:02', '2019-02-03 02:37:13', ''),
(150, NULL, NULL, 'Emmanuel Sarpong', 'estar10', 'estar98@hotmail.co.uk', 'ronaldinho', NULL, NULL, NULL, NULL, '07868150327', '1730421460e2d019993dbea9e3aa82fd3060a1e42a5c56f05c1d392.jpg', NULL, NULL, 'android', '', 0, NULL, 'https://853u.app.link/292Cd8Yw0T', '292Cd8Yw0T', 0, 0, '', NULL, 1, 0, 0, '0', '2019-02-03 19:45:00', '2019-02-03 13:45:05', ''),
(151, NULL, NULL, 'Lucas E. Lyngaa', 'lucas', 'lucaslyngaa@gmail.com', '05lyngaa10', NULL, NULL, NULL, NULL, '50911331', '844254169461637d4a14dd41f623a7dac4a1fd82d5c5729b1adbc6.jpg', NULL, NULL, 'android', '', 0, NULL, 'https://853u.app.link/wqzc5XsO0T', 'wqzc5XsO0T', 0, 0, '', NULL, 1, 0, 0, '0', '2019-02-03 23:49:37', '2019-02-03 17:49:40', ''),
(152, NULL, NULL, 'Cam Scali', 'Cam', 'aksgge@gmail.com', 'Cam3r0n06', '123 Fuck off', '99', 'Mangina', 'YourDad', '9783825968', '16757488296712cc42f6e45180e4d565daad7977185c579e39adf3a.jpg', NULL, NULL, 'android', '', 0, NULL, 'https://853u.app.link/Yylv5QZn1T', 'Yylv5QZn1T', 0, 0, '', NULL, 0, 0, 0, '0', '2019-02-04 08:06:49', '2019-02-04 02:14:02', ''),
(153, NULL, NULL, 'Etiana tauti', 'biddzz', 'r.tautiepa22@gmail.com', 'tautiepa22', NULL, NULL, NULL, NULL, '0402111496', '1115726120d4571a4fc8fcb39afabed528000607ce5c5982096129f.jpg', NULL, NULL, NULL, NULL, 0, NULL, 'https://853u.app.link/wsmDtKvL3T', 'wsmDtKvL3T', 0, 0, '', NULL, 0, 0, 0, '0', '2019-02-05 18:31:05', '2019-02-05 12:31:05', ''),
(154, NULL, NULL, 'Savo Mazalica', '720', 'savomm@gmail.com', 'savkecardeste', NULL, NULL, NULL, NULL, '+381658692840', '7053990710a5cde40fdc48fd9ef7dbf0894c4d82a5c5a3b7ef3df3.jpg', NULL, NULL, 'android', '', 0, NULL, 'https://853u.app.link/psuT7C3F4T', 'psuT7C3F4T', 0, 0, '', NULL, 1, 0, 0, '0', '2019-02-06 07:42:22', '2019-02-06 01:42:36', ''),
(155, NULL, NULL, 'gabriele', 'nardo', 'gabrinardo@iclud.com', 'Nitro1997', NULL, NULL, NULL, NULL, '3889738458', '9178906186c4343e33c5db2f9db6bbc42367a971d5c5ae931c15dd.jpg', NULL, NULL, 'android', '', 0, NULL, 'https://853u.app.link/YoIouc1w5T', 'YoIouc1w5T', 0, 0, '', NULL, 1, 0, 0, '0', '2019-02-06 20:03:29', '2019-02-06 14:03:50', ''),
(156, NULL, NULL, 'Nils Cinkana', 'xxcinkana', 'cinkanils@gmail.com', 'FindusLotti', NULL, NULL, NULL, NULL, '015756688620', '1991674718b951a3e3926491b99b11690acf7d6d5e5c5b124d166bd.jpg', NULL, NULL, 'android', '', 0, NULL, 'https://853u.app.link/bBWhNgyJ5T', 'bBWhNgyJ5T', 0, 0, '', NULL, 1, 0, 0, '0', '2019-02-06 22:58:53', '2019-02-06 16:58:58', ''),
(157, NULL, NULL, 'Douglas', 'Dragonslayer', 'dragonslayer_07@hotmail.com', 'zaruba1996', NULL, NULL, NULL, NULL, '0168061302', '39397494547877a71a14b67515e275c4d32c8d4315c5b98e0e04a7.jpg', NULL, NULL, 'android', '', 0, NULL, 'https://853u.app.link/KrpnJiAo6T', 'KrpnJiAo6T', 0, 0, '', NULL, 1, 0, 0, '0', '2019-02-07 08:33:04', '2019-02-07 02:33:22', ''),
(158, NULL, NULL, 'Anthony Schulz', 'totoo207', 'toto207@web.de', 'the47irper', NULL, NULL, NULL, NULL, '01752071998', '1652448652fe570bbb5b14315e0e4f2486262fb97c5c683f2141a74.jpg', NULL, NULL, 'android', '', 0, NULL, 'https://853u.app.link/MmbJvEVjmU', 'MmbJvEVjmU', 0, 0, '', NULL, 1, 0, 0, '0', '2019-02-16 22:49:37', '2019-02-16 16:49:54', ''),
(159, NULL, NULL, 'tyanna johnson', 'tyannari2', 'tyannajohnsonforever1@gmail.com', '123456789', NULL, NULL, NULL, NULL, '9142571499', '1554607650e1bbab344dceed2a578f167f455f81915c6a1891d6551.jpg', NULL, NULL, 'android', '', 0, NULL, 'https://853u.app.link/8nW34shEoU', '8nW34shEoU', 0, 0, '', NULL, 1, 0, 0, '0', '2019-02-18 08:29:37', '2019-02-18 02:30:07', ''),
(160, NULL, NULL, 'Chaim', 'ckatz98', 'chaimkatz88@gmail.com', 'scurry30', NULL, NULL, NULL, NULL, '8454804564', '553751630587d0b12dca1ec1e9cef2d21fceabc6d5c6a9779a6ea8.jpg', NULL, NULL, 'android', '', 0, NULL, 'https://853u.app.link/k7Fx9sYgpU', 'k7Fx9sYgpU', 0, 0, '', NULL, 1, 0, 0, '0', '2019-02-18 17:31:05', '2019-02-18 11:31:21', ''),
(161, NULL, NULL, 'fly flyerson', 'flyflyerson', 'flyflyerson@gmail.com', 'apple123', NULL, NULL, NULL, NULL, '4084766514', '907939886654d3a5314b5f4f97fbfb3ef825bcbf55c6c08080db5e.jpg', NULL, NULL, 'iOS', 'cTVCSNf1wOQ:APA91bEbAshe8OzPftND9fi1XBmVgOK2YunG4dzIIHf4yXJAFL4fnH5ALtGoFOf0L3HTif-IuYWOSwBB38m6OZGtoA87aZYvRZCn_fB01fxSGLuPx9MuKkUwYjwioAxW-PbPoJ9mEpJy', 0, NULL, 'https://853u.app.link/qiXNtAl5qU', 'qiXNtAl5qU', 0, 0, '', NULL, 1, 0, 0, '0', '2019-02-19 19:43:36', '2019-02-19 13:43:54', ''),
(162, NULL, NULL, 'Melissa Simpkins', 'mls509', 'mls509@aol.com', 'ironlady1', NULL, NULL, NULL, NULL, '2523677279', '3450004578628d5735236795b0a6daf0b2cadc0d45c6ced06adcfb.jpg', NULL, NULL, 'android', '', 0, NULL, 'https://853u.app.link/5YHuNsadsU', '5YHuNsadsU', 0, 0, '', NULL, 1, 0, 0, '0', '2019-02-20 12:00:38', '2019-02-20 06:00:58', ''),
(163, NULL, NULL, 'Brian Providence', 'owney75', 'owney75@gmail.com', 'Megamontana75', NULL, NULL, NULL, NULL, '+16468974982', '7359846521acd5a56c58a4c5b24e445bf194229f05c6f77d9e8fdd.jpg', NULL, NULL, 'android', '', 0, NULL, 'https://853u.app.link/ERyAMyBpvU', 'ERyAMyBpvU', 0, 0, '', NULL, 1, 0, 0, '0', '2019-02-22 10:17:29', '2019-02-22 04:17:56', ''),
(164, NULL, NULL, 'Yerim Lee', 'Lynn', 'ddf5759@naver.com', 'dldpfla1', NULL, NULL, NULL, NULL, '821024325759', '19789899774adec02995465f74d8f0e25a22e26ba85c6fd14728170.jpg', NULL, NULL, 'android', '', 0, NULL, 'https://853u.app.link/Yv0Y23RQvU', 'Yv0Y23RQvU', 0, 0, '', NULL, 1, 0, 0, '0', '2019-02-22 16:39:03', '2019-02-22 10:39:20', ''),
(165, NULL, NULL, 'liam hockley', 'Quill', 'liamhockley14@gmail.com', 'Mclovin.1', NULL, NULL, NULL, NULL, '0437969080', '15607485416642310b924b7d1e3c1ef3b4569b48e5c700ccdbf63d.jpg', NULL, NULL, 'android', '', 0, NULL, 'https://853u.app.link/za6s9j18vU', 'za6s9j18vU', 0, 0, '', NULL, 1, 0, 0, '0', '2019-02-22 20:53:01', '2019-02-22 14:53:09', ''),
(166, NULL, NULL, 'Riccardo', 'Pyro', 'riccardoaquilanti87@gmail.com', 'KGame4500aq', NULL, NULL, NULL, NULL, '3897806769', '44645702999fbbdd650fe70d39d746bdeeab197995c701e052525a.jpg', NULL, NULL, 'android', '', 0, NULL, 'https://853u.app.link/6aIgeMgewU', '6aIgeMgewU', 0, 0, '', NULL, 1, 0, 0, '0', '2019-02-22 22:06:29', '2019-02-22 16:06:40', ''),
(167, NULL, NULL, 'Tee Stephens', 'Thurstonstephens', 'thurstonstephens@yahoo.com', 'Nashville01', NULL, NULL, NULL, NULL, '6154814453', '829796778dc691c2b3e41b141b613197b1cbbf09e5c7044bce8b1d.jpg', NULL, NULL, 'android', '', 0, NULL, 'https://853u.app.link/rEsH1G4pwU', 'rEsH1G4pwU', 0, 0, '', NULL, 1, 0, 0, '0', '2019-02-23 00:51:40', '2019-02-22 18:52:02', ''),
(168, NULL, NULL, 'Martin', 'Rapav', 'skippixtv@gmail.com', 'IdemSiYoutube', NULL, NULL, NULL, NULL, '0904225260', '1580481395b655dfe88c72fe93e61360477864adb55c71bc75aee96.jpg', NULL, NULL, 'android', '', 0, NULL, 'https://853u.app.link/lGbHXgDgyU', 'lGbHXgDgyU', 0, 0, '', NULL, 1, 0, 0, '0', '2019-02-24 03:34:45', '2019-02-23 21:35:10', ''),
(169, NULL, NULL, 'Blake Bartlett', 'lilblak3y', 'seahawk8@hotmail.com', 'lillly01', NULL, NULL, NULL, NULL, '0421975637', '1827644614a8a70307389fd391aade4fc3048f532f5c71cc769cb41.jpg', NULL, NULL, 'android', '', 0, NULL, 'https://853u.app.link/F30f2NvlyU', 'F30f2NvlyU', 0, 0, '', NULL, 1, 0, 0, '0', '2019-02-24 04:43:02', '2019-02-23 22:43:28', ''),
(170, NULL, NULL, 'Daniel Sciberras', 'Daniel Sciberras', 'danxibb10@gmail.com', 'dan102006', NULL, NULL, NULL, NULL, '+35679309364', '3993657326e591f4d86c4d6cfb42db985432746605c72e4981c2d9.jpg', NULL, NULL, 'android', '', 0, NULL, 'https://853u.app.link/uGqZllVIzU', 'uGqZllVIzU', 0, 0, '', NULL, 1, 0, 0, '0', '2019-02-25 00:38:16', '2019-02-24 18:38:19', ''),
(171, NULL, NULL, 'amir', 'amirk', 'amirk0075@gamil.com', 'AH200200200ah', NULL, NULL, NULL, NULL, '33268948', '75749127069c6a85ac32f930e742f0108b788e6fe5c75a21ce669e.jpg', NULL, NULL, 'android', '', 0, NULL, 'https://853u.app.link/VgvBgKOaDU', 'VgvBgKOaDU', 0, 0, '', NULL, 1, 0, 0, '0', '2019-02-27 02:31:24', '2019-02-26 20:31:29', ''),
(172, NULL, NULL, 'Phillip', 'hope', 'philliphope3@gmail.com', '3332', NULL, NULL, NULL, NULL, '2166885181', '81105141599dc179ef016d164bfd59ffa1827ba965c75ea855b0f7.jpg', NULL, NULL, 'android', '', 0, NULL, 'https://853u.app.link/hJ9YpwTwDU', 'hJ9YpwTwDU', 0, 0, '', NULL, 1, 0, 0, '0', '2019-02-27 07:40:21', '2019-02-27 01:40:46', ''),
(173, NULL, NULL, 'Michael Held', 'sidneyfears', 'sidneyfears@googlemail.com', 'silver99', NULL, NULL, NULL, NULL, '+491774938853', '12774053771e9a8333e47c77d6786249fbb0a1f5a45c779aa8442de.jpg', NULL, NULL, 'android', '', 0, NULL, 'https://853u.app.link/bF6FrzEEFU', 'bF6FrzEEFU', 0, 0, '', NULL, 1, 0, 0, '0', '2019-02-28 14:24:08', '2019-02-28 08:24:17', ''),
(174, NULL, NULL, 'Deovelo Carter', 'Deovelo5', 'mringlewood310@gmail.com', 'Babygucci5', NULL, NULL, NULL, NULL, '9513372890', '12476141743c3dd741fbcb2e5546e66b6cd9bac8745c79081b6d5a6.jpg', NULL, NULL, 'android', '', 0, NULL, 'https://853u.app.link/9l2m7X4rHU', '9l2m7X4rHU', 0, 0, '', NULL, 1, 0, 0, '0', '2019-03-01 16:23:23', '2019-03-01 10:23:47', ''),
(176, NULL, NULL, 'Louis Barbier', 'Perkeloubar', 'louis.barbier33@gmail.com', 'Finlandia33', NULL, NULL, NULL, NULL, '+33783170597', '297464302d09f9940b2e58064c3e90874a5f5f43d5c7bfc804ea4c.jpg', NULL, NULL, 'android', '', 0, NULL, 'https://853u.app.link/ELyRkHHaLU', 'ELyRkHHaLU', 0, 0, '', NULL, 1, 0, 0, '0', '2019-03-03 22:10:40', '2019-03-03 16:11:00', ''),
(177, NULL, NULL, 'Chunk 12', 'chunk12', 'dluffymonkey151@gmail.com', 'copito28', NULL, NULL, NULL, NULL, '87202470', '13693772408bc7573615b708339bc8b6c1fd57c9895c7c8f043da4d.jpg', NULL, NULL, 'android', '', 0, NULL, 'https://853u.app.link/mB5sRonTLU', 'mB5sRonTLU', 0, 0, '', NULL, 1, 0, 0, '0', '2019-03-04 08:35:48', '2019-03-04 02:35:54', ''),
(178, NULL, NULL, 'johnathan golden', 'jonjen0808', 'jonjen0808@gmail.com', 'raygen1217', NULL, NULL, NULL, NULL, '4694943939', '1865383556761179721b6895e113c0732748d7c46a5c7d5cf7b0fbc.jpg', NULL, NULL, 'android', '', 0, NULL, 'https://853u.app.link/BlVy6EaUMU', 'BlVy6EaUMU', 0, 0, '', NULL, 1, 0, 0, '0', '2019-03-04 23:14:31', '2019-03-04 17:14:36', ''),
(181, NULL, NULL, 'ryan', 'RyBo', 'rybofitness@gmail.com', 'rylie2013', NULL, NULL, NULL, NULL, '07751208186', '1830761462b6696dc3017a8817b6a0422339e7e7bd5c7ed9f347e88.jpg', NULL, NULL, 'android', '', 0, NULL, 'https://853u.app.link/MXayiHkMOU', 'MXayiHkMOU', 0, 0, '', NULL, 1, 0, 0, '0', '2019-03-06 02:20:03', '2019-03-05 20:20:56', ''),
(182, NULL, NULL, 'Jeffery Hampton', 'trickmystics81', 'Jeff.hampton81@gmail.com', 'jh382537', NULL, NULL, NULL, NULL, '2392971087', '1291859443275e467d2e12ce0eb46ea49e7e4bd9295c805ab8c693c.jpg', NULL, NULL, 'android', '', 0, NULL, 'https://853u.app.link/mD4rDlEFQU', 'mD4rDlEFQU', 0, 0, '', NULL, 1, 0, 0, '0', '2019-03-07 05:41:44', '2019-03-06 23:42:02', ''),
(183, NULL, NULL, 'Dario Schneider', 'dro.97', 'dpschneider97@gmx.de', 'osthalleee46', NULL, NULL, NULL, NULL, '004915110639405', '1706216452c42ad32808936b67e01a2928d2876c425c813a7c08dff.jpg', NULL, NULL, 'android', '', 0, NULL, 'https://853u.app.link/sqroBjSLRU', 'sqroBjSLRU', 0, 0, '', NULL, 1, 0, 0, '0', '2019-03-07 21:36:28', '2019-03-07 15:37:00', ''),
(184, NULL, NULL, 'Tom Price', 'tomprice', 'thomaspriceoakley@gmail.com', 'Oakley12', NULL, NULL, NULL, NULL, '+17055624630', '47417487304a20f28b762f2ad03b7fe0da3bfe2e45c828ce1d6e19.jpg', NULL, NULL, 'android', '', 0, NULL, 'https://853u.app.link/gwDcGk3qTU', 'gwDcGk3qTU', 0, 0, '', NULL, 1, 0, 0, '0', '2019-03-08 21:40:17', '2019-03-08 15:40:32', ''),
(185, NULL, NULL, 'Frederik Reibetanz', 'Treschert', 'f.reibetanz@gmx.de', '104.6Rtl', NULL, NULL, NULL, NULL, '017647887975', '1516765577eba20042cb400f5c4577a9d470d42b45c8627a2d9239.jpg', NULL, NULL, 'android', '', 0, NULL, 'https://853u.app.link/r3bEYVoYXU', 'r3bEYVoYXU', 0, 0, '', NULL, 1, 0, 0, '0', '2019-03-11 14:17:22', '2019-03-11 09:17:46', ''),
(186, NULL, NULL, 'Nacho Rubio', 'nrubio24', 'nacho.rubio@outlook.es', '24Feb&2402', NULL, NULL, NULL, NULL, '+34628663030', '661695276fb04849fcae3a309d50ad3c6bb4401655c88f8a5c2cd9.jpg', NULL, NULL, 'android', '', 0, NULL, 'https://853u.app.link/9SEa3Mew1U', '9SEa3Mew1U', 0, 0, '', NULL, 1, 0, 0, '0', '2019-03-13 17:33:41', '2019-03-13 12:34:03', ''),
(187, NULL, NULL, 'ashish lakhani', 'ak7730', 'ashish7730@gmail.com', '123456', NULL, NULL, NULL, NULL, '9737134341', '360319802e14defe411473584204d1c7605d1c9765c8b8118d8940.jpeg', NULL, NULL, NULL, NULL, 0, NULL, 'https://853u.app.link/cAE3KXWH4U', 'cAE3KXWH4U', 0, 0, '', NULL, 0, 0, 0, '0', '2019-03-15 15:40:24', '2019-03-15 10:40:25', ''),
(188, NULL, NULL, 'Jitesh ', 'Desai', 'desai.jitesh1992@gmail.com', 'jiteshLaced', 'Surat', '54654', 'Surat', 'Gujarat', '9586702008', 'User_ProfilePic.1990859543.png', NULL, NULL, 'iOS', 'dgAG8ZkLwiE:APA91bGMRfS-Yt50tjZBspR2ObCBgLXItpPFuRzAoMEa_5EkINpd2fz1SHU4L2lm2vr0980YXY2AM46NfLuU4zMP44H9Fh4o8K_XkmTeP8ZRbsr8N0HIhJBWaOV3DtYdmBbzABbdLm64', 1, NULL, 'https://853u.app.link/Bc3Iv4Jo7V', 'Bc3Iv4Jo7V', 0, 0, '', NULL, 1, 0, 0, '0', '2019-04-23 15:05:59', '2019-04-24 15:38:14', ''),
(190, NULL, NULL, 'Jit Desai', 'ErJiteshDesai', 'desai_jitesh28@yahoo.com', '9586702008', NULL, NULL, NULL, NULL, '9586702008', '108827242022bd31eabf94cecfe650d346c037268a5cbef5a83514e.jpg', NULL, NULL, 'iOS', 'd2zwnEFYcXU:APA91bHzQNcgQCCH9bbxdpN4iWdc9PwdooKLNJmLb--J7V4nJvamT0nkOvcs8nv4UjowfBrGNnoifXiWvxvq6UJ1QnnZtGLyJdxkYHE0wCve9E7LwB27bC48LQzqYMoXsvtOvkEAXneW', 1, NULL, 'https://853u.app.link/8xTCaLgu7V', '8xTCaLgu7V', 0, 0, '', NULL, 1, 0, 0, '0', '2019-04-23 11:23:20', '2019-04-23 11:40:50', '');

-- --------------------------------------------------------

--
-- Table structure for table `auction_user_bank_info`
--

CREATE TABLE `auction_user_bank_info` (
  `Bank_Id` int(11) NOT NULL,
  `User_Id` int(11) NOT NULL,
  `Bank_HolderName` varchar(255) NOT NULL,
  `DOB` varchar(20) NOT NULL,
  `Address` varchar(255) NOT NULL,
  `User_UnitNo` varchar(255) NOT NULL,
  `User_State` varchar(255) NOT NULL,
  `SSN4` varchar(255) NOT NULL,
  `Routing_Number` varchar(255) NOT NULL,
  `Account_Number` varchar(200) NOT NULL,
  `created` timestamp NOT NULL DEFAULT CURRENT_TIMESTAMP,
  `modified` timestamp NULL DEFAULT CURRENT_TIMESTAMP
) ENGINE=InnoDB DEFAULT CHARSET=latin1;

-- --------------------------------------------------------

--
-- Table structure for table `auction_user_card_detail`
--

CREATE TABLE `auction_user_card_detail` (
  `Card_Id` int(11) NOT NULL,
  `User_Id` int(11) DEFAULT NULL,
  `Card_Type` varchar(255) DEFAULT NULL,
  `Card_Number` varchar(255) DEFAULT NULL,
  `Card_ExpDate` varchar(11) DEFAULT NULL,
  `Card_Cvv` int(3) DEFAULT NULL,
  `Card_HolderName` varchar(255) DEFAULT NULL,
  `Card_HolderAddress` varchar(255) DEFAULT NULL,
  `User_UnitNo` varchar(50) DEFAULT NULL,
  `User_State` varchar(50) DEFAULT NULL,
  `User_City` varchar(50) DEFAULT NULL,
  `Zip_Code` varchar(50) DEFAULT NULL,
  `created` timestamp NOT NULL DEFAULT CURRENT_TIMESTAMP,
  `modified` timestamp NULL DEFAULT NULL ON UPDATE CURRENT_TIMESTAMP
) ENGINE=InnoDB DEFAULT CHARSET=latin1;

-- --------------------------------------------------------

--
-- Table structure for table `auction_user_cart`
--

CREATE TABLE `auction_user_cart` (
  `Cart_Id` int(11) NOT NULL,
  `User_Id` int(11) NOT NULL,
  `Item_Id` int(11) NOT NULL,
  `Purchase` int(11) NOT NULL DEFAULT '0',
  `created` timestamp NOT NULL DEFAULT CURRENT_TIMESTAMP
) ENGINE=InnoDB DEFAULT CHARSET=latin1;

-- --------------------------------------------------------

--
-- Table structure for table `auction_user_order`
--

CREATE TABLE `auction_user_order` (
  `Order_Id` int(11) NOT NULL,
  `User_Id` int(11) NOT NULL,
  `Seller_Id` int(11) NOT NULL COMMENT 'used as userid for product owner',
  `Item_Id` int(11) NOT NULL,
  `Items_Id` varchar(255) DEFAULT NULL,
  `Item_Name` varchar(255) NOT NULL,
  `Item_NormalPrice` varchar(255) NOT NULL,
  `Tracking_No1` varchar(255) NOT NULL,
  `Tracking_No2` varchar(255) NOT NULL,
  `Order_Type` varchar(10) DEFAULT NULL,
  `Order_Status` int(11) NOT NULL DEFAULT '0',
  `Order_Complete` int(11) NOT NULL DEFAULT '0',
  `Courier_Name` varchar(255) NOT NULL,
  `Admin_Id` int(11) NOT NULL,
  `created` timestamp NOT NULL DEFAULT CURRENT_TIMESTAMP
) ENGINE=InnoDB DEFAULT CHARSET=latin1;

--
-- Dumping data for table `auction_user_order`
--

INSERT INTO `auction_user_order` (`Order_Id`, `User_Id`, `Seller_Id`, `Item_Id`, `Items_Id`, `Item_Name`, `Item_NormalPrice`, `Tracking_No1`, `Tracking_No2`, `Order_Type`, `Order_Status`, `Order_Complete`, `Courier_Name`, `Admin_Id`, `created`) VALUES
(1, 2, 1, 1, '2', '', '', 'LZ983426456US', 'LZ983426456US', 'TRADE', 2, 1, '', 0, '2018-07-28 08:44:44'),
(2, 1, 2, 1, '1', '', '', 'sdfdg2', 'LZ983426456US', 'TRADE', 2, 0, '', 0, '2018-07-28 08:44:44'),
(34, 1, 2, 4, NULL, 'THE ITEM ewr345', '235', '123', 'LZ983426456US', 'INSTANBY', 2, 1, '', 0, '2018-07-31 09:36:06'),
(35, 1, 2, 12, NULL, 'ROCKER 332', '445', 'LZ983426456US\r\n', 'LZ983426456US', 'INSTANBY', 2, 0, '', 0, '2018-07-31 09:45:43'),
(36, 1, 2, 3, '1,12', '', '', '45', '', 'TRADE', 2, 0, '', 0, '2018-07-31 10:35:02'),
(37, 2, 1, 3, '13', '', '', '67', '', 'TRADE', 2, 0, '', 0, '2018-07-31 10:35:02'),
(38, 2, 1, 2, '6,9,10', '', '', '', '', 'TRADE', 1, 0, '', 0, '2018-07-31 10:35:13'),
(39, 1, 2, 2, '11', '', '', '', '', 'TRADE', 1, 0, '', 0, '2018-07-31 10:35:13'),
(40, 2, 1, 6, NULL, 'shoes 35', '500', '89', 'LZ983426456US', 'INSTANBY', 2, 1, '', 0, '2018-07-31 10:42:11'),
(42, 1, 2, 1, NULL, 'The Item 9988', '280', 'LZ983426456US', '', 'INSTANBY', 2, 0, '', 0, '2018-07-31 11:28:43'),
(43, 1, 2, 7, NULL, 'LACED FAS888', '745', 'LZ983426456US', '', 'INSTANBY', 1, 0, '', 0, '2018-08-01 04:41:13'),
(44, 2, 1, 6, NULL, 'shoes 35', '500', '', '', 'INSTANBY', 1, 0, '', 0, '2018-08-01 04:43:40'),
(45, 1, 2, 7, '1,3,4,5,7,8,11,12', '', '', '', '', 'TRADE', 1, 0, '', 0, '2018-08-03 09:07:23'),
(46, 2, 1, 7, '13', '', '', '', '', 'TRADE', 1, 0, '', 0, '2018-08-03 09:07:23'),
(47, 2, 1, 16, '9,13,16', '', '', '', '', 'TRADE', 1, 0, '', 0, '2018-08-03 09:08:22'),
(48, 1, 2, 16, '11', '', '', '', '', 'TRADE', 1, 0, '', 0, '2018-08-03 09:08:22'),
(49, 2, 1, 4, '6,10', '', '', '', '', 'TRADE', 1, 0, '', 0, '2018-08-03 12:13:57'),
(50, 1, 2, 4, '11', '', '', '', '', 'TRADE', 1, 0, '', 0, '2018-08-03 12:13:57'),
(51, 2, 1, 6, NULL, 'shoes 35', '500', '', '', 'INSTANBY', 1, 0, '', 0, '2018-08-04 19:42:42'),
(52, 2, 1, 10, '6,10', '', '', '', '', 'TRADE', 1, 0, '', 0, '2018-08-06 08:53:42'),
(53, 1, 2, 10, '11', '', '', '', '', 'TRADE', 1, 0, '', 0, '2018-08-06 08:53:42'),
(54, 2, 1, 12, '6', '', '', 'LZ983426456US', '', 'TRADE', 1, 0, '', 0, '2018-08-06 08:54:03'),
(55, 1, 2, 12, '11', '', '', '456', '', 'TRADE', 1, 0, '', 0, '2018-08-06 08:54:03'),
(56, 1, 2, 8, NULL, 'BRANDEDS 779', '326', '', '', NULL, 1, 0, '', 1, '2018-08-06 11:39:30'),
(57, 2, 2, 4, NULL, 'THE ITEM ewr345', '235', '', '', NULL, 1, 0, '', 1, '2018-08-07 03:33:23'),
(63, 3, 2, 3, NULL, 'My Item 778', '250', '', '', 'AUCTION', 1, 1, '', 0, '2018-08-07 15:10:01'),
(64, 3, 1, 23, NULL, 'yezy 123', '500', '', '', 'INSTANBY', 1, 0, '', 0, '2018-09-09 14:55:14'),
(65, 1, 3, 26, NULL, 'Ace 16+ KITH Ultrabloost', '350', '', '', 'INSTANBY', 1, 0, '', 0, '2018-09-10 04:55:27'),
(66, 1, 3, 26, NULL, 'Ace 16+ KITH Ultrabloost', '350', '', '', 'INSTANBY', 1, 0, '', 0, '2018-09-10 08:48:53'),
(67, 2, 1, 23, NULL, 'yezy 123', '500', '', '', 'INSTANBY', 1, 0, '', 0, '2018-09-11 11:55:43'),
(68, 2, 1, 23, NULL, 'yezy 123', '500', '', '', 'INSTANBY', 1, 0, '', 0, '2018-09-11 12:01:33'),
(69, 2, 1, 23, NULL, 'yezy 123', '500', '', '', 'INSTANBY', 1, 0, '', 0, '2018-09-12 03:44:28'),
(70, 2, 1, 23, NULL, 'yezy 123', '500', '', '', 'INSTANBY', 1, 0, '', 0, '2018-09-12 05:39:55'),
(71, 2, 1, 23, NULL, 'yezy 123', '500', '', '', 'INSTANBY', 1, 0, '', 0, '2018-09-12 05:41:37'),
(72, 2, 1, 23, NULL, 'yezy 123', '500', '', '', 'INSTANBY', 1, 0, '', 0, '2018-09-12 05:56:07'),
(73, 33, 1, 23, NULL, 'yezy 123', '500', '', '', 'INSTANBY', 1, 0, '', 0, '2018-09-12 09:33:12'),
(74, 2, 1, 23, NULL, 'yezy 123', '500', '', '', 'INSTANBY', 1, 0, '', 0, '2018-09-17 04:30:10'),
(75, 34, 3, 33, NULL, 'Laced Authentication Tag', '5', '', '', 'INSTANBY', 1, 0, '', 0, '2018-09-23 19:04:07'),
(76, 34, 3, 33, NULL, 'Laced Authentication Tag', '5', 'EA906451904CN', '', 'INSTANBY', 1, 0, 'USPS', 0, '2018-10-04 17:49:36'),
(77, 175, 1, 23, NULL, 'yezy 123', '500', '', '', 'INSTANBY', 1, 0, '', 0, '2019-03-09 13:50:46'),
(78, 0, 175, 35, NULL, 'Shoes', '', '', '', 'AUCTION', 1, 0, '', 0, '2019-03-16 08:46:01'),
(79, 0, 175, 35, NULL, 'Shoes', '', '', '', 'AUCTION', 1, 0, '', 0, '2019-03-16 08:48:01'),
(80, 0, 175, 35, NULL, 'Shoes', '', '', '', 'AUCTION', 1, 0, '', 0, '2019-03-16 09:10:24'),
(81, 3, 1, 23, NULL, 'yezy 123', '500', '', '', 'INSTANBY', 1, 0, '', 0, '2019-03-17 00:03:23'),
(82, 175, 2, 29, NULL, 'THe Great shoe 225', '430', '', '', 'INSTANBY', 1, 0, '', 0, '2019-03-17 11:26:32'),
(83, 175, 1, 23, NULL, 'yezy 123', '500', '', '', 'INSTANBY', 1, 0, '', 0, '2019-03-17 11:27:24'),
(84, 3, 34, 14, '32', '', '', '', '', 'TRADE', 1, 0, '', 0, '2019-03-17 13:09:34'),
(85, 34, 3, 14, '26', '', '', '', '', 'TRADE', 1, 0, '', 0, '2019-03-17 13:09:34'),
(86, 175, 2, 29, NULL, 'THe Great shoe 225', '430', '', '', 'INSTANBY', 1, 0, '', 0, '2019-03-18 14:23:54'),
(87, 179, 175, 19, '42,53', '', '', '', '', 'TRADE', 1, 0, '', 0, '2019-03-29 16:24:23'),
(88, 175, 179, 19, '70', '', '', '', '', 'TRADE', 1, 0, '', 0, '2019-03-29 16:24:23'),
(89, 179, 175, 23, '39,42,52', '', '', '', '', 'TRADE', 1, 0, '', 0, '2019-03-29 16:32:10'),
(90, 175, 179, 23, '77', '', '', '', '', 'TRADE', 1, 0, '', 0, '2019-03-29 16:32:10'),
(91, 188, 1, 23, NULL, 'yezy 123', '500', '', '', 'INSTANBY', 1, 0, '', 0, '2019-04-23 10:18:49'),
(92, 188, 189, 82, NULL, 'Shoese test item 2 23', '100', '', '', 'INSTANBY', 1, 0, '', 0, '2019-04-23 10:39:18'),
(93, 188, 190, 26, '85,86,87', '', '', '', '', 'TRADE', 1, 0, '', 0, '2019-04-23 11:43:06'),
(94, 190, 188, 26, '81', '', '', '', '', 'TRADE', 1, 0, '', 0, '2019-04-23 11:43:06'),
(95, 190, 188, 27, '81', '', '', '', '', 'TRADE', 1, 0, '', 0, '2019-04-23 11:45:44'),
(96, 188, 190, 27, '87', '', '', '', '', 'TRADE', 1, 0, '', 0, '2019-04-23 11:45:44'),
(97, 190, 188, 81, NULL, 'Test item 1 23', '100', '', '', 'INSTANBY', 1, 0, '', 0, '2019-04-23 11:46:37');

-- --------------------------------------------------------

--
-- Table structure for table `contact`
--

CREATE TABLE `contact` (
  `Contact_Id` int(11) NOT NULL,
  `Frist_Name` varchar(255) NOT NULL,
  `Last_Name` varchar(255) NOT NULL,
  `Email` varchar(255) NOT NULL,
  `Message` longtext NOT NULL,
  `Contact_Status` int(11) NOT NULL DEFAULT '0',
  `created` timestamp NOT NULL DEFAULT CURRENT_TIMESTAMP,
  `modifed` timestamp NOT NULL DEFAULT '0000-00-00 00:00:00' ON UPDATE CURRENT_TIMESTAMP
) ENGINE=InnoDB DEFAULT CHARSET=latin1;

--
-- Dumping data for table `contact`
--

INSERT INTO `contact` (`Contact_Id`, `Frist_Name`, `Last_Name`, `Email`, `Message`, `Contact_Status`, `created`, `modifed`) VALUES
(2, 'Riya', 'Patel', 'minakshi.sensussoft@gmail.com', 'degfvdf', 1, '2018-08-06 04:24:10', '2018-08-08 08:25:22'),
(3, 'Piya', 'Patel', 'minakshi.sensussoft@gmail.com', 'degfvdf', 0, '2018-08-06 04:24:10', '2018-08-06 06:29:58'),
(4, 'Hardik', 'Patel', 'hardik.sensussoft@gmail.com', 'Regarding wallet query', 1, '2018-08-08 21:43:06', '2018-08-08 11:13:28'),
(5, 'Minakshi', 'Ramoliya', 'minakshi.sensussoft@gmail.com', 'product not approve', 0, '2018-08-08 21:44:13', '0000-00-00 00:00:00'),
(6, '', '', '', '', 0, '2018-09-15 13:39:08', '0000-00-00 00:00:00'),
(7, 'Ruan', 'Schneider', 'Ryguy149@gmail.com', 'Hey test', 0, '2019-06-13 15:33:30', '0000-00-00 00:00:00'),
(8, 'Ruan', 'Schneider', 'Ryguy149@gmail.com', 'Hey test', 0, '2019-06-13 15:33:31', '0000-00-00 00:00:00'),
(9, 'Ruan', 'Schneider', 'Ryguy149@gmail.com', 'Hey test', 0, '2019-06-13 15:33:32', '0000-00-00 00:00:00');

-- --------------------------------------------------------

--
-- Table structure for table `contest`
--

CREATE TABLE `contest` (
  `Contest_Id` int(11) NOT NULL,
  `Item_Id` int(11) NOT NULL,
  `Contest_Status` int(11) NOT NULL DEFAULT '0',
  `created` timestamp NOT NULL DEFAULT CURRENT_TIMESTAMP,
  `Start_Date` datetime NOT NULL,
  `End_Date` datetime NOT NULL,
  `startdateampm` varchar(255) NOT NULL,
  `endddateampm` varchar(255) NOT NULL
) ENGINE=InnoDB DEFAULT CHARSET=latin1;

--
-- Dumping data for table `contest`
--

INSERT INTO `contest` (`Contest_Id`, `Item_Id`, `Contest_Status`, `created`, `Start_Date`, `End_Date`, `startdateampm`, `endddateampm`) VALUES
(1, 6, 0, '2018-07-28 10:42:20', '0000-00-00 00:00:00', '0000-00-00 00:00:00', '2018-08-01 12:00 AM', '2018-07-31 10:30 PM'),
(2, 5, 0, '2018-07-30 09:29:14', '2018-08-09 00:00:00', '2018-08-15 22:30:00', '2018-08-09 12:00 AM', '2018-08-15 10:30 PM'),
(3, 4, 1, '2018-07-30 09:31:33', '2018-08-01 00:00:00', '2018-08-02 22:30:00', '2018-08-01 12:00 AM', '2018-08-02 10:30 PM'),
(4, 12, 0, '2018-08-03 11:46:05', '0000-00-00 00:00:00', '0000-00-00 00:00:00', '', ''),
(5, 33, 0, '2019-03-05 08:55:51', '0000-00-00 00:00:00', '0000-00-00 00:00:00', '', ''),
(6, 82, 0, '2019-04-23 12:29:30', '0000-00-00 00:00:00', '0000-00-00 00:00:00', '', ''),
(7, 80, 0, '2019-04-23 12:38:35', '2019-04-24 00:00:00', '2019-04-24 22:30:00', '2019-04-24 12:00 AM', '2019-04-24 10:30 PM');

-- --------------------------------------------------------

--
-- Table structure for table `contest_user`
--

CREATE TABLE `contest_user` (
  `UserContest_Id` int(11) NOT NULL,
  `Contest_Id` int(11) NOT NULL,
  `User_Id` int(11) NOT NULL,
  `Winner` int(11) NOT NULL DEFAULT '0',
  `Contest_Status` int(11) NOT NULL DEFAULT '0',
  `Contest_Url` varchar(255) NOT NULL,
  `Contest_Identity` varchar(255) DEFAULT NULL,
  `Contest_Share` int(11) NOT NULL DEFAULT '0',
  `Contest_Install` int(11) NOT NULL DEFAULT '0',
  `Contest_Install_User` longtext NOT NULL,
  `created` timestamp NOT NULL DEFAULT CURRENT_TIMESTAMP
) ENGINE=InnoDB DEFAULT CHARSET=latin1;

--
-- Dumping data for table `contest_user`
--

INSERT INTO `contest_user` (`UserContest_Id`, `Contest_Id`, `User_Id`, `Winner`, `Contest_Status`, `Contest_Url`, `Contest_Identity`, `Contest_Share`, `Contest_Install`, `Contest_Install_User`, `created`) VALUES
(1, 3, 2, 1, 0, 'https://853u.app.link/KGMpRPOC1O', 'KGMpRPOC1O', 4, 0, '', '2018-08-01 21:26:30'),
(2, 3, 1, 0, 0, 'https://853u.app.link/KGMpRPOC1O', 'KGMpRPOC1O', 4, 0, '', '2018-08-01 21:26:30'),
(3, 2, 2, 0, 0, 'https://853u.app.link/KGMpRPOC1O', 'KGMpRPOC1O', 4, 0, '', '2018-08-01 21:26:30'),
(4, 3, 3, 0, 0, 'https://853u.app.link/KGMpRPOC1O', 'KGMpRPOC1O', 4, 0, '', '2018-08-01 21:26:30'),
(5, 2, 1, 0, 0, 'https://853u.app.link/LSvrAXIXmP', 'LSvrAXIXmP', 0, 0, '', '2018-08-14 17:58:45');

-- --------------------------------------------------------

--
-- Table structure for table `faq`
--

CREATE TABLE `faq` (
  `F_Id` int(11) NOT NULL,
  `Admin_Id` int(11) DEFAULT NULL,
  `question` text,
  `answer` text,
  `created` datetime DEFAULT NULL,
  `modified` datetime DEFAULT NULL
) ENGINE=MyISAM DEFAULT CHARSET=latin1;

--
-- Dumping data for table `faq`
--

INSERT INTO `faq` (`F_Id`, `Admin_Id`, `question`, `answer`, `created`, `modified`) VALUES
(42, 1, 'faq question 12', 'faq answer 12', '2018-06-08 15:30:47', '2018-06-09 21:13:07'),
(46, 1, 'What is Laced?', 'Laced is the the premier specialty destination where people find and sell hard to find, rare, limited edition sneakers and streetwear. We have created a community where our members can buy and sell with confidence and ease. Never miss out on an opportunity to place your bid on hard to find sneakers in 90 minutes from a curated list of quality sellers who really care. If you would rather, you can even just buy streetwear, without going through the process of an auction. We are also the ONLY marketplace where you can safely trade items with other users. Laced is your middleman for every single transaction on the app, that way you will never be scammed again. Our mobile only platform is currently available for your iPhone and coming soon to Android. We strive to keep an open and trusted environment for our community. ', '2018-06-14 08:27:44', NULL),
(47, 1, 'How do I get started on Laced?', '* 	Create your account - Complete your profile, making sure to provide us with your favorite brands to follow to help us update you once an item becomes available. * 	Browse our Feed - Live auctions and items will appear in the home feed with all relevant details for that sneaker hand selected from the entire Laced community. We curate them daily just for you so be sure to check them out! * 	Submit sneakers you want to sell - List an item for sale in less than 60 seconds with the free iPhone app. Snap a picture, add a detailed description, and see just how easy it is to make your first sale or trade! * 	Share with friends - When you invite others, we reward you both with Laced credit to be used on the platform at anytime. Indeed, more fun for everyone.', '2018-06-14 08:27:59', NULL),
(48, 1, 'Can I buy and sell on Laced if Im not in the U.S.?', 'You bet! Laced is for everyone worldwide, you just need to find a way to ship your items to us. International transactions do have an extra shipping cost.', '2018-06-14 08:28:11', NULL);

-- --------------------------------------------------------

--
-- Table structure for table `favorite`
--

CREATE TABLE `favorite` (
  `Favorite_Id` int(11) NOT NULL,
  `User_Id` int(11) NOT NULL,
  `Item_Id` int(11) NOT NULL,
  `Favorite_Status` int(11) NOT NULL DEFAULT '0',
  `created` timestamp NOT NULL DEFAULT CURRENT_TIMESTAMP
) ENGINE=InnoDB DEFAULT CHARSET=latin1;

--
-- Dumping data for table `favorite`
--

INSERT INTO `favorite` (`Favorite_Id`, `User_Id`, `Item_Id`, `Favorite_Status`, `created`) VALUES
(2, 2, 2, 1, '2018-07-27 20:20:51'),
(12, 1, 11, 1, '2018-07-31 23:01:05'),
(15, 2, 13, 1, '2018-08-03 16:03:50'),
(16, 33, 23, 1, '2018-09-14 08:49:04'),
(18, 175, 33, 1, '2019-03-03 21:36:53'),
(20, 175, 23, 1, '2019-03-05 20:41:19'),
(21, 175, 60, 1, '2019-03-16 09:33:18'),
(22, 175, 74, 1, '2019-03-21 08:57:19'),
(23, 175, 80, 1, '2019-04-22 21:02:53'),
(24, 189, 81, 1, '2019-04-23 11:20:51'),
(25, 188, 87, 1, '2019-04-23 11:45:07');

-- --------------------------------------------------------

--
-- Table structure for table `feedback`
--

CREATE TABLE `feedback` (
  `Feedback_Id` int(11) NOT NULL,
  `User_Id` int(11) NOT NULL,
  `Feedback` varchar(255) NOT NULL,
  `created` timestamp NOT NULL DEFAULT CURRENT_TIMESTAMP
) ENGINE=InnoDB DEFAULT CHARSET=latin1;

--
-- Dumping data for table `feedback`
--

INSERT INTO `feedback` (`Feedback_Id`, `User_Id`, `Feedback`, `created`) VALUES
(1, 1, 'good', '2018-07-31 21:30:31');

-- --------------------------------------------------------

--
-- Table structure for table `flakercharge`
--

CREATE TABLE `flakercharge` (
  `Fc_ID` int(11) NOT NULL,
  `Admin_id` int(11) DEFAULT NULL,
  `flate_fee` int(11) DEFAULT NULL COMMENT 'this is the rate of percentage.',
  `option1` text,
  `option2` text,
  `option3` text,
  `created` datetime DEFAULT NULL,
  `modified` datetime DEFAULT NULL
) ENGINE=MyISAM DEFAULT CHARSET=latin1;

--
-- Dumping data for table `flakercharge`
--

INSERT INTO `flakercharge` (`Fc_ID`, `Admin_id`, `flate_fee`, `option1`, `option2`, `option3`, `created`, `modified`) VALUES
(1, 1, 15, NULL, NULL, NULL, '2018-07-31 00:50:13', '2018-08-07 23:02:32');

-- --------------------------------------------------------

--
-- Table structure for table `flakerfees`
--

CREATE TABLE `flakerfees` (
  `Flacker_ID` int(11) NOT NULL,
  `User_Id` int(11) DEFAULT NULL,
  `Item_id` int(11) DEFAULT NULL,
  `product_price` varchar(255) DEFAULT NULL,
  `percentage` varchar(255) DEFAULT NULL,
  `fees` varchar(255) DEFAULT NULL,
  `cutfees` int(11) DEFAULT NULL COMMENT '0 for not cut 1 for cut fees from payment gateway.',
  `optional1` text,
  `optional2` text,
  `optional3` text
) ENGINE=MyISAM DEFAULT CHARSET=latin1;

--
-- Dumping data for table `flakerfees`
--

INSERT INTO `flakerfees` (`Flacker_ID`, `User_Id`, `Item_id`, `product_price`, `percentage`, `fees`, `cutfees`, `optional1`, `optional2`, `optional3`) VALUES
(1, 2, 0, NULL, NULL, '0', 1, NULL, NULL, NULL),
(2, 2, 0, NULL, NULL, '0', 1, NULL, NULL, NULL),
(3, 2, 0, NULL, NULL, '0', 1, NULL, NULL, NULL),
(4, 2, 0, NULL, NULL, '0', 1, NULL, NULL, NULL),
(5, 2, 0, NULL, NULL, '0', 1, NULL, NULL, NULL),
(6, 2, 0, NULL, NULL, '0', 1, NULL, NULL, NULL),
(7, 2, 0, NULL, NULL, '0', 1, NULL, NULL, NULL),
(8, 2, 0, NULL, NULL, '28', 1, NULL, NULL, NULL),
(9, 2, 0, NULL, NULL, '28', 1, NULL, NULL, NULL),
(10, 2, 0, NULL, NULL, '28', 1, NULL, NULL, NULL),
(11, 2, 0, NULL, NULL, '28', 1, NULL, NULL, NULL),
(12, 2, 1, NULL, NULL, '28', 1, NULL, NULL, NULL),
(13, 2, 1, '280', NULL, '28', 1, NULL, NULL, NULL),
(14, 3, 0, '400', NULL, '60', 1, NULL, NULL, NULL),
(15, 3, 0, '300', NULL, '45', 1, NULL, NULL, NULL),
(16, 1, 0, '500', NULL, '75', 1, NULL, NULL, NULL),
(17, 3, 0, '300', NULL, '45', 1, NULL, NULL, NULL),
(18, 3, 0, '300', NULL, '45', 1, NULL, NULL, NULL),
(19, 2, 0, '280', NULL, '42', 1, NULL, NULL, NULL),
(20, 2, 0, '280', NULL, '42', 1, NULL, NULL, NULL),
(21, 3, 0, '300', NULL, '45', 1, NULL, NULL, NULL),
(22, 34, 0, '400', NULL, '60', 1, NULL, NULL, NULL),
(23, 3, 0, '300', NULL, '45', 1, NULL, NULL, NULL),
(24, 175, 0, '400', NULL, '60', 1, NULL, NULL, NULL),
(25, 175, 0, '400', NULL, '60', 1, NULL, NULL, NULL),
(26, 175, 0, '400', NULL, '60', 1, NULL, NULL, NULL),
(27, 175, 0, '400', NULL, '60', 1, NULL, NULL, NULL),
(28, 175, 0, '400', NULL, '60', 1, NULL, NULL, NULL),
(29, 175, 0, '400', NULL, '60', 1, NULL, NULL, NULL),
(30, 175, 0, '400', NULL, '60', 1, NULL, NULL, NULL),
(31, 175, 0, '400', NULL, '60', 1, NULL, NULL, NULL),
(32, 175, 0, '400', NULL, '60', 1, NULL, NULL, NULL),
(33, 175, 0, '400', NULL, '60', 1, NULL, NULL, NULL),
(34, 175, 0, '400', NULL, '60', 1, NULL, NULL, NULL),
(35, 175, 0, '400', NULL, '60', 1, NULL, NULL, NULL),
(36, 175, 0, '400', NULL, '60', 1, NULL, NULL, NULL),
(37, 175, 0, '400', NULL, '60', 1, NULL, NULL, NULL),
(38, 175, 0, '400', NULL, '60', 1, NULL, NULL, NULL),
(39, 175, 0, '400', NULL, '60', 1, NULL, NULL, NULL),
(40, 175, 0, '400', NULL, '60', 1, NULL, NULL, NULL),
(41, 175, 0, '400', NULL, '60', 1, NULL, NULL, NULL),
(42, 175, 0, '400', NULL, '60', 1, NULL, NULL, NULL),
(43, 175, 0, '400', NULL, '60', 1, NULL, NULL, NULL),
(44, 179, 0, '50', NULL, '7.5', 1, NULL, NULL, NULL),
(45, 175, 0, '400', NULL, '60', 1, NULL, NULL, NULL),
(46, 175, 0, '400', NULL, '60', 1, NULL, NULL, NULL),
(47, 179, 0, '50', NULL, '7.5', 1, NULL, NULL, NULL),
(48, 175, 0, '400', NULL, '60', 1, NULL, NULL, NULL),
(49, 179, 0, '50', NULL, '7.5', 1, NULL, NULL, NULL),
(50, 179, 0, '50', NULL, '7.5', 1, NULL, NULL, NULL),
(51, 179, 0, '50', NULL, '7.5', 1, NULL, NULL, NULL),
(52, 179, 0, '50', NULL, '7.5', 1, NULL, NULL, NULL),
(53, 179, 0, '50', NULL, '7.5', 1, NULL, NULL, NULL),
(54, 179, 0, '50', NULL, '7.5', 1, NULL, NULL, NULL),
(55, 179, 0, '50', NULL, '7.5', 1, NULL, NULL, NULL),
(56, 179, 0, '50', NULL, '7.5', 1, NULL, NULL, NULL),
(57, 179, 0, '50', NULL, '7.5', 1, NULL, NULL, NULL),
(58, 179, 0, '50', NULL, '7.5', 1, NULL, NULL, NULL),
(59, 179, 0, '50', NULL, '7.5', 1, NULL, NULL, NULL),
(60, 179, 0, '50', NULL, '7.5', 1, NULL, NULL, NULL),
(61, 179, 0, '50', NULL, '7.5', 1, NULL, NULL, NULL),
(62, 175, 0, '400', NULL, '60', 1, NULL, NULL, NULL),
(63, 179, 0, '50', NULL, '7.5', 1, NULL, NULL, NULL),
(64, 188, 0, '100', NULL, '15', 1, NULL, NULL, NULL),
(65, 189, 0, '100', NULL, '15', 1, NULL, NULL, NULL),
(66, 189, 0, '100', NULL, '15', 1, NULL, NULL, NULL),
(67, 189, 0, '100', NULL, '15', 1, NULL, NULL, NULL),
(68, 190, 0, '0', NULL, '0', 1, NULL, NULL, NULL),
(69, 190, 0, '0', NULL, '0', 1, NULL, NULL, NULL),
(70, 190, 0, '0', NULL, '0', 1, NULL, NULL, NULL);

-- --------------------------------------------------------

--
-- Table structure for table `follow`
--

CREATE TABLE `follow` (
  `Follow_Id` int(11) NOT NULL,
  `User_Id_One` int(11) NOT NULL,
  `User_Id_Two` int(11) NOT NULL,
  `Follow_Status` int(11) NOT NULL DEFAULT '0',
  `created` timestamp NOT NULL DEFAULT CURRENT_TIMESTAMP
) ENGINE=InnoDB DEFAULT CHARSET=latin1;

--
-- Dumping data for table `follow`
--

INSERT INTO `follow` (`Follow_Id`, `User_Id_One`, `User_Id_Two`, `Follow_Status`, `created`) VALUES
(3, 4, 2, 1, '2018-08-01 16:44:09'),
(6, 4, 1, 1, '2018-08-01 17:14:01'),
(9, 5, 2, 1, '2018-08-01 19:26:19'),
(10, 1, 2, 1, '2018-08-01 19:34:00'),
(12, 175, 1, 1, '2019-03-05 21:02:54'),
(13, 175, 34, 1, '2019-03-06 20:49:10'),
(14, 175, 2, 1, '2019-03-06 20:49:37'),
(15, 175, 179, 1, '2019-03-19 23:13:30'),
(16, 189, 188, 1, '2019-04-23 11:20:55'),
(17, 188, 190, 1, '2019-04-23 11:45:22');

-- --------------------------------------------------------

--
-- Table structure for table `fpolicy`
--

CREATE TABLE `fpolicy` (
  `F_Id` int(11) NOT NULL,
  `Admin_Id` int(11) DEFAULT NULL,
  `fpolicy` text,
  `created` datetime DEFAULT NULL,
  `modified` datetime DEFAULT NULL
) ENGINE=MyISAM DEFAULT CHARSET=latin1;

--
-- Dumping data for table `fpolicy`
--

INSERT INTO `fpolicy` (`F_Id`, `Admin_Id`, `fpolicy`, `created`, `modified`) VALUES
(1, 1, '<blockquote><blockquote><blockquote><blockquote><blockquote><blockquote><blockquote><blockquote><blockquote><blockquote><blockquote><h1>Fees Policy</h1></blockquote></blockquote></blockquote></blockquote></blockquote></blockquote></blockquote></blockquote></blockquote></blockquote></blockquote><h2>Listing Fees</h2><p>Listing an item on Laced is free. </p><p>An auction listing lasts for 90 minutes or until the item is sold. After 90 minutes if the item has not sold, then the listing expires. You may relist the item as many times as you desire.</p><p>A marketplace listing (\"Buy\" section of the app) stays on the app until the listing has been sold or if you delete it. </p><h2>Transaction fee</h2><p>When you make a sale on Laced, you will be charged 10% of the sale price for items sold. This percentage does not include any shipping cost or tax. Transaction fees are subtracted from the deposits we make to you.</p><h2>Flaker Fee</h2><p>To maintain trust and security on our marketplace, Laced charges a flaker fee of 20% to any user who no longer wishes to complete a transaction after the auction has ended, a buyer has purchased their item, or if a trade has been accepted. In trades, a Flaker Fee is also charged to any user that sends a counterfeit item or a item that is not as described in the trade request.</p><p><u>Trades have a set Flaker Fee of $20</u>. This fee is the same for every trade, no matter what the worth of quantity of it. </p><p>For example: Total sale price is $100 x 20% = $20 Flaker Fee</p><p><strong>Buyers</strong>&nbsp;- any user that has won an auction or purchased an item and does not select a delivery preference before the 48-hour window closes, the buyer will be charged a Flaker Fee equal to the amount of 20% of the total sale price.</p><p><strong>Sellers</strong>&nbsp;- when Laced has successfully collected payment on your behalf from the buyer and the seller decides to no longer complete the transaction they will be charged a Flaker Fee equal to the amount of 20% of the total sale price. A Flaker Fee is also charged if the seller ships a counterfiet item to Laced. </p><p>Let us know if you have any questions feel free to contact us at help@golaced.com</p>', '2018-06-07 17:42:30', '2018-06-14 08:20:35');

-- --------------------------------------------------------

--
-- Table structure for table `howitworks`
--

CREATE TABLE `howitworks` (
  `H_Id` int(11) NOT NULL,
  `Admin_Id` int(11) DEFAULT NULL,
  `steps` text,
  `created` datetime DEFAULT NULL,
  `modified` datetime DEFAULT NULL
) ENGINE=MyISAM DEFAULT CHARSET=latin1;

--
-- Dumping data for table `howitworks`
--

INSERT INTO `howitworks` (`H_Id`, `Admin_Id`, `steps`, `created`, `modified`) VALUES
(1, 1, '<ol><li><b><i>hello how are you </i></b><b><i>i</i></b><b><i> am fine.</i></b></li><li><b><i>this is the step two for the body display.<br></i></b></li></ol><br><br>', '2018-06-07 15:51:31', '2018-06-09 21:12:45');

-- --------------------------------------------------------

--
-- Table structure for table `notification`
--

CREATE TABLE `notification` (
  `Notification_Id` int(11) NOT NULL,
  `Item_Id` int(11) DEFAULT NULL,
  `Admin_Id` int(11) DEFAULT '0' COMMENT '1 for admin side notification generate',
  `User_Id` text,
  `Notification_Title` varchar(255) DEFAULT NULL,
  `Notification_Message` longtext,
  `Notification_Type` varchar(255) DEFAULT NULL,
  `Notification_Status` int(11) DEFAULT '0' COMMENT '1 for read successfully',
  `Notification_Admin` int(11) NOT NULL DEFAULT '0',
  `created` timestamp NULL DEFAULT CURRENT_TIMESTAMP,
  `modified` timestamp NULL DEFAULT '0000-00-00 00:00:00' ON UPDATE CURRENT_TIMESTAMP
) ENGINE=InnoDB DEFAULT CHARSET=latin1;

--
-- Dumping data for table `notification`
--

INSERT INTO `notification` (`Notification_Id`, `Item_Id`, `Admin_Id`, `User_Id`, `Notification_Title`, `Notification_Message`, `Notification_Type`, `Notification_Status`, `Notification_Admin`, `created`, `modified`) VALUES
(1, NULL, 1, '1', 'User Register', 'chirag_patelRegister in Laced', 'User Register', 1, 0, '2018-07-27 20:11:49', '2018-07-27 09:47:44'),
(2, NULL, 1, '2', 'User Register', 'VKPATEL78Register in Laced', 'User Register', 1, 0, '2018-07-27 20:11:56', '2018-07-27 09:47:44'),
(3, 0, 1, '2', 'Product added', 'User added Product', 'Product add', 1, 0, '2018-07-27 20:15:09', '2018-07-27 09:47:44'),
(4, 0, 1, '1', 'Product added', 'User added Product', 'Product add', 1, 0, '2018-07-27 20:15:42', '2018-07-27 09:47:44'),
(5, 1, 0, '2', 'product approved', 'Your Added Item Accepted Successfully we get charge $28 when your product is sell Successfully.', '', 0, 0, '2018-07-27 09:48:28', '0000-00-00 00:00:00'),
(6, 2, 0, '1', 'product approved', 'Your Added Item Accepted Successfully we get charge $0 when your product is sell Successfully.', '', 0, 0, '2018-07-27 09:49:35', '0000-00-00 00:00:00'),
(7, 0, 1, '2', 'Product added', 'User added Product', 'Product add', 1, 0, '2018-07-27 20:34:20', '2018-07-27 10:06:54'),
(8, 3, 0, '2', 'product approved', 'Your Added Item Accepted Successfully we get charge $10 when your product is sell Successfully.', '', 0, 0, '2018-07-27 10:06:01', '0000-00-00 00:00:00'),
(9, NULL, 1, '3', 'User Register', 'ryanschneiRegister in Laced', 'User Register', 1, 0, '2018-07-27 23:49:47', '2018-07-27 14:19:39'),
(10, 0, 1, '2', 'Product added', 'User added Product', 'Product add', 1, 0, '2018-07-28 19:54:33', '2018-07-28 09:40:03'),
(11, 0, 1, '2', 'Product added', 'User added Product', 'Product add', 1, 0, '2018-07-28 19:55:51', '2018-07-28 09:40:03'),
(12, 0, 1, '1', 'Product added', 'User added Product', 'Product add', 1, 0, '2018-07-28 19:56:51', '2018-07-28 09:40:03'),
(13, 0, 1, '2', 'Product added', 'User added Product', 'Product add', 1, 0, '2018-07-28 19:57:04', '2018-07-28 09:40:03'),
(14, 0, 1, '2', 'Product added', 'User added Product', 'Product add', 1, 0, '2018-07-28 19:59:39', '2018-07-28 09:40:03'),
(15, 0, 1, '1', 'Product added', 'User added Product', 'Product add', 1, 0, '2018-07-28 20:01:02', '2018-07-28 09:40:03'),
(16, 8, 0, '2', 'product approved', 'Your Added Item Accepted Successfully we get charge $32.6 when your product is sell Successfully.', '', 0, 0, '2018-07-28 09:32:32', '0000-00-00 00:00:00'),
(17, 8, 0, '2', 'product approved', 'Your Added Item Accepted Successfully we get charge $32.6 when your product is sell Successfully.', '', 0, 0, '2018-07-28 09:32:51', '0000-00-00 00:00:00'),
(18, 7, 0, '2', 'product approved', 'Your Added Item Accepted Successfully we get charge $74.5 when your product is sell Successfully.', '', 0, 0, '2018-07-28 09:34:07', '0000-00-00 00:00:00'),
(19, 7, 0, '2', 'product approved', 'Your Added Item Accepted Successfully we get charge $74.5 when your product is sell Successfully.', '', 0, 0, '2018-07-28 09:34:15', '0000-00-00 00:00:00'),
(20, 6, 0, '1', 'product approved', 'Your Added Item Accepted Successfully we get charge $50 when your product is sell Successfully.', '', 0, 0, '2018-07-28 09:34:27', '0000-00-00 00:00:00'),
(21, 5, 0, '2', 'product approved', 'Your Added Item Accepted Successfully we get charge $12.6 when your product is sell Successfully.', '', 0, 0, '2018-07-28 09:34:35', '0000-00-00 00:00:00'),
(22, 4, 0, '2', 'product approved', 'Your Added Item Accepted Successfully we get charge $23.5 when your product is sell Successfully.', '', 0, 0, '2018-07-28 09:34:41', '0000-00-00 00:00:00'),
(23, 9, 0, '1', 'product approved', 'Your Added Item Accepted Successfully we get charge $5 when your product is sell Successfully.', '', 0, 0, '2018-07-28 09:35:46', '0000-00-00 00:00:00'),
(24, 2, 0, '1', 'product disapproved', 'Your Item Not Accepted.', '', 0, 0, '2018-07-28 09:40:38', '0000-00-00 00:00:00'),
(25, 8, 0, '2', 'product approved', 'Your Added Item Accepted Successfully we get charge $32.6 when your product is sell Successfully.', '', 0, 0, '2018-07-28 09:41:05', '0000-00-00 00:00:00'),
(26, 2, 0, '1', 'product approved', 'Your Added Item Accepted Successfully we get charge $0 when your product is sell Successfully.', '', 0, 0, '2018-07-28 09:43:36', '0000-00-00 00:00:00'),
(27, 2, 0, '1', 'product disapproved', 'Your Item Not Accepted.', '', 0, 0, '2018-07-28 09:43:48', '0000-00-00 00:00:00'),
(28, 7, 0, '2', 'product disapproved', 'Your Item Not Accepted.', '', 0, 0, '2018-07-28 09:45:07', '0000-00-00 00:00:00'),
(29, 6, 0, '1', 'product disapproved', 'Your Item Not Accepted.', '', 0, 0, '2018-07-28 09:52:50', '0000-00-00 00:00:00'),
(30, 7, 0, '2', 'product approved', 'Your Added Item Accepted Successfully we get charge $74.5 when your product is sell Successfully.', '', 0, 0, '2018-07-28 09:53:15', '0000-00-00 00:00:00'),
(31, 7, 0, '2', 'product disapproved', 'Your Item Not Accepted.', '', 0, 0, '2018-07-28 09:55:11', '0000-00-00 00:00:00'),
(32, 7, 0, '2', 'product approved', 'Your Added Item Accepted Successfully we get charge $74.5 when your product is sell Successfully.', '', 0, 0, '2018-07-28 09:56:44', '0000-00-00 00:00:00'),
(33, 7, 0, '2', 'product disapproved', 'Your Item Not Accepted.', '', 0, 0, '2018-07-28 09:57:02', '0000-00-00 00:00:00'),
(34, 7, 0, '2', 'product disapproved', 'Your Item Not Accepted.', '', 0, 0, '2018-07-28 09:57:46', '0000-00-00 00:00:00'),
(35, 7, 0, '2', 'product approved', 'Your Added Item Accepted Successfully we get charge $74.5 when your product is sell Successfully.', '', 0, 0, '2018-07-28 09:59:18', '0000-00-00 00:00:00'),
(36, 7, 0, '2', 'product disapproved', 'Your Item Not Accepted.', '', 0, 0, '2018-07-28 10:01:34', '0000-00-00 00:00:00'),
(37, 7, 0, '2', 'product disapproved', 'Your Item Not Accepted.', '', 0, 0, '2018-07-28 10:05:08', '0000-00-00 00:00:00'),
(38, 7, 0, '2', 'product disapproved', 'Your Item Not Accepted.', '', 0, 0, '2018-07-28 10:05:09', '0000-00-00 00:00:00'),
(39, 7, 0, '2', 'product disapproved', 'Your Item Not Accepted.', '', 0, 0, '2018-07-28 10:05:11', '0000-00-00 00:00:00'),
(40, 7, 0, '2', 'product disapproved', 'Your Item Not Accepted.', '', 0, 0, '2018-07-28 10:05:12', '0000-00-00 00:00:00'),
(41, 7, 0, '2', 'product disapproved', 'Your Item Not Accepted.', '', 0, 0, '2018-07-28 10:05:13', '0000-00-00 00:00:00'),
(42, 7, 0, '2', 'product disapproved', 'Your Item Not Accepted.', '', 0, 0, '2018-07-28 10:05:14', '0000-00-00 00:00:00'),
(43, 7, 0, '2', 'product disapproved', 'Your Item Not Accepted.', '', 0, 0, '2018-07-28 10:05:15', '0000-00-00 00:00:00'),
(44, 7, 0, '2', 'product disapproved', 'Your Item Not Accepted.', '', 0, 0, '2018-07-28 10:05:16', '0000-00-00 00:00:00'),
(45, 7, 0, '2', 'product disapproved', 'Your Item Not Accepted.', '', 0, 0, '2018-07-28 10:05:17', '0000-00-00 00:00:00'),
(46, 7, 0, '2', 'product approved', 'Your Added Item Accepted Successfully we get charge $74.5 when your product is sell Successfully.', '', 0, 0, '2018-07-28 10:13:33', '0000-00-00 00:00:00'),
(47, 7, 0, '2', 'product approved', 'Your Added Item Accepted Successfully we get charge $74.5 when your product is sell Successfully.', '', 0, 0, '2018-07-28 10:13:33', '0000-00-00 00:00:00'),
(48, 7, 0, '2', 'product approved', 'Your Added Item Accepted Successfully we get charge $74.5 when your product is sell Successfully.', '', 0, 0, '2018-07-28 10:17:46', '0000-00-00 00:00:00'),
(49, 7, 0, '2', 'product approved', 'Your Added Item Accepted Successfully we get charge $74.5 when your product is sell Successfully.', '', 0, 0, '2018-07-28 10:17:46', '0000-00-00 00:00:00'),
(50, 7, 0, '2', 'product disapproved', 'Your Item Not Accepted.', '', 0, 0, '2018-07-28 10:18:08', '0000-00-00 00:00:00'),
(51, 7, 0, '2', 'product disapproved', 'Your Item Not Accepted.', '', 0, 0, '2018-07-28 10:18:08', '0000-00-00 00:00:00'),
(52, 7, 0, '2', 'product disapproved', 'Your Item Not Accepted.', '', 0, 0, '2018-07-28 10:21:47', '0000-00-00 00:00:00'),
(53, 7, 0, '2', 'product approved', 'Your Added Item Accepted Successfully we get charge $74.5 when your product is sell Successfully.', '', 0, 0, '2018-07-28 10:22:03', '0000-00-00 00:00:00'),
(54, 7, 0, '2', 'product disapproved', 'Your Item Not Accepted.', '', 0, 0, '2018-07-28 10:23:19', '0000-00-00 00:00:00'),
(55, 7, 0, '2', 'product disapproved', 'Your Item Not Accepted.', '', 0, 0, '2018-07-28 10:24:09', '0000-00-00 00:00:00'),
(56, 7, 0, '2', 'product disapproved', 'Your Item Not Accepted.', '', 0, 0, '2018-07-28 10:24:41', '0000-00-00 00:00:00'),
(57, 7, 0, '2', 'product approved', 'Your Added Item Accepted Successfully we get charge $74.5 when your product is sell Successfully.', '', 0, 0, '2018-07-28 10:25:41', '0000-00-00 00:00:00'),
(58, 7, 0, '2', 'product disapproved', 'Your Item Not Accepted.', '', 0, 0, '2018-07-28 10:27:22', '0000-00-00 00:00:00'),
(59, 7, 0, '2', 'product disapproved', 'Your Item Not Accepted.', '', 0, 0, '2018-07-28 10:29:51', '0000-00-00 00:00:00'),
(60, 7, 0, '2', 'product approved', 'Your Added Item Accepted Successfully we get charge $74.5 when your product is sell Successfully.', '', 0, 0, '2018-07-28 10:31:46', '0000-00-00 00:00:00'),
(61, 7, 0, '2', 'product disapproved', 'Your Item Not Accepted.', '', 0, 0, '2018-07-28 10:31:59', '0000-00-00 00:00:00'),
(62, 9, 0, '1', 'product disapproved', 'Your Item Not Accepted.', '', 0, 0, '2018-07-28 10:32:22', '0000-00-00 00:00:00'),
(63, 9, 0, '1', 'product approved', 'Your Added Item Accepted Successfully we get charge $5 when your product is sell Successfully.', '', 0, 0, '2018-07-28 10:32:31', '0000-00-00 00:00:00'),
(64, 9, 0, '1', 'product disapproved', 'Your Item Not Accepted.', '', 0, 0, '2018-07-28 10:33:00', '0000-00-00 00:00:00'),
(65, 9, 0, '1', 'product approved', 'Your Added Item Accepted Successfully we get charge $5 when your product is sell Successfully.', '', 0, 0, '2018-07-28 10:33:09', '0000-00-00 00:00:00'),
(66, 7, 0, '2', 'product approved', 'Your Added Item Accepted Successfully we get charge $74.5 when your product is sell Successfully.', '', 0, 0, '2018-07-28 10:35:36', '0000-00-00 00:00:00'),
(67, 6, 0, '1', 'product approved', 'Your Added Item Accepted Successfully we get charge $50 when your product is sell Successfully.', '', 0, 0, '2018-07-28 10:36:53', '0000-00-00 00:00:00'),
(68, 8, 0, '2', 'product disapproved', 'Your Item Not Accepted.', '', 0, 0, '2018-07-28 10:37:26', '0000-00-00 00:00:00'),
(69, NULL, 0, NULL, 'Raffle Release Date', 'Your Raffle Stating Date is - 2018-07-27 12:00 AM And End Date Is - 2018-07-29 10:30 PM', '', 0, 0, '2018-07-28 10:53:55', '0000-00-00 00:00:00'),
(70, NULL, 0, NULL, 'Contest Release Date', 'Your Contest Stating Date is - 2018-08-01 12:00 AM And End Date Is - 2018-07-31 10:30 PM', '', 0, 0, '2018-07-28 10:55:52', '0000-00-00 00:00:00'),
(71, 8, 0, '2', 'product approved', 'Your Added Item Accepted Successfully we get charge $32.6 when your product is sell Successfully.', '', 0, 0, '2018-07-28 11:07:20', '0000-00-00 00:00:00'),
(72, 8, 0, '2', 'product disapproved', 'Your Item Not Accepted.', '', 0, 0, '2018-07-28 11:07:29', '0000-00-00 00:00:00'),
(73, 8, 0, '2', 'product approved', 'Your Added Item Accepted Successfully we get charge $32.6 when your product is sell Successfully.', '', 0, 0, '2018-07-28 12:27:03', '0000-00-00 00:00:00'),
(74, 9, 0, '1', 'product disapproved', 'Your Item Not Accepted.', '', 0, 0, '2018-07-30 04:40:39', '0000-00-00 00:00:00'),
(75, 3, 0, '2', 'product disapproved', 'Your Item Not Accepted.', '', 0, 0, '2018-07-30 09:37:34', '0000-00-00 00:00:00'),
(76, 3, 0, '2', 'product approved', 'Your Added Item Accepted Successfully we get charge $10 when your product is sell Successfully.', '', 0, 0, '2018-07-30 09:37:44', '0000-00-00 00:00:00'),
(77, 9, 0, '1', 'product approved', 'Your Added Item Accepted Successfully we get charge $5 when your product is sell Successfully.', '', 0, 0, '2018-07-30 09:49:54', '0000-00-00 00:00:00'),
(78, NULL, 0, NULL, 'Raffle Release Date', 'Your Raffle Stating Date is - 2018-07-30 12:00 AM And End Date Is - 2018-08-10 10:30 PM', '', 0, 0, '2018-07-30 09:54:18', '0000-00-00 00:00:00'),
(79, 0, 1, '1', 'Product added', 'User added Product', 'Product add', 1, 0, '2018-07-30 20:27:03', '2018-07-30 10:38:50'),
(80, 3, 0, '2', 'product disapproved', 'Your Item Not Accepted.', '', 0, 0, '2018-07-30 11:29:19', '0000-00-00 00:00:00'),
(81, 10, 0, '1', 'product approved', 'Your Added Item Accepted Successfully we get charge $50 when your product is sell Successfully.', '', 0, 0, '2018-07-30 12:24:47', '0000-00-00 00:00:00'),
(82, 3, 0, '2', 'product approved', 'Your Added Item Accepted Successfully we get charge $10 when your product is sell Successfully.', '', 0, 0, '2018-07-30 12:25:02', '0000-00-00 00:00:00'),
(83, 10, 0, '1', 'product disapproved', 'Your Item Not Accepted.', '', 0, 0, '2018-07-30 12:26:46', '0000-00-00 00:00:00'),
(84, 10, 0, '1', 'product approved', 'Your Added Item Accepted Successfully we get charge $50 when your product is sell Successfully.', '', 0, 0, '2018-07-30 12:26:58', '0000-00-00 00:00:00'),
(85, 10, 0, '1', 'product disapproved', 'Your Item Not Accepted.', '', 0, 0, '2018-07-30 12:27:43', '0000-00-00 00:00:00'),
(86, 10, 0, '1', 'product disapproved', 'Your Item Not Accepted.', '', 0, 0, '2018-07-30 12:28:52', '0000-00-00 00:00:00'),
(87, 10, 0, '1', 'product approved', 'Your Added Item Accepted Successfully we get charge $50 when your product is sell Successfully.', '', 0, 0, '2018-07-30 12:28:58', '0000-00-00 00:00:00'),
(88, 10, 0, '1', 'product disapproved', 'Your Item Not Accepted.', '', 0, 0, '2018-07-30 12:29:08', '0000-00-00 00:00:00'),
(89, 10, 0, '1', 'product approved', 'Your Added Item Accepted Successfully we get charge $50 when your product is sell Successfully.', '', 0, 0, '2018-07-30 12:30:27', '0000-00-00 00:00:00'),
(90, 10, 0, '1', 'product disapproved', 'Your Item Not Accepted.', '', 0, 0, '2018-07-30 12:30:39', '0000-00-00 00:00:00'),
(91, 10, 0, '1', 'product approved', 'Your Added Item Accepted Successfully we get charge $50 when your product is sell Successfully.', '', 0, 0, '2018-07-30 12:32:18', '0000-00-00 00:00:00'),
(92, 10, 0, '1', 'product approved', 'Your Added Item Accepted Successfully we get charge $50 when your product is sell Successfully.', '', 0, 0, '2018-07-30 12:33:42', '0000-00-00 00:00:00'),
(93, 10, 0, '1', 'product disapproved', 'Your Item Not Accepted.', '', 0, 0, '2018-07-30 12:33:54', '0000-00-00 00:00:00'),
(94, 10, 0, '1', 'product approved', 'Your Added Item Accepted Successfully we get charge $50 when your product is sell Successfully.', '', 0, 0, '2018-07-30 12:34:04', '0000-00-00 00:00:00'),
(95, 10, 0, '1', 'product disapproved', 'Your Item Not Accepted.', '', 0, 0, '2018-07-30 12:35:27', '0000-00-00 00:00:00'),
(96, 10, 0, '1', 'product approved', 'Your Added Item Accepted Successfully we get charge $50 when your product is sell Successfully.', '', 0, 0, '2018-07-30 12:35:40', '0000-00-00 00:00:00'),
(97, 10, 0, '1', 'product disapproved', 'Your Item Not Accepted.', '', 0, 0, '2018-07-30 12:36:25', '0000-00-00 00:00:00'),
(98, 10, 0, '1', 'product approved', 'Your Added Item Accepted Successfully we get charge $50 when your product is sell Successfully.', '', 0, 0, '2018-07-30 12:36:46', '0000-00-00 00:00:00'),
(99, 0, 1, '2', 'Product added', 'User added Product', 'Product add', 1, 0, '2018-07-30 23:19:16', '2018-07-30 12:51:38'),
(100, 11, 0, '2', 'product approved', 'Your Added Item Accepted Successfully we get charge $0 when your product is sell Successfully.', '', 0, 0, '2018-07-30 12:50:56', '0000-00-00 00:00:00'),
(101, NULL, 1, '4', 'User Register', 'chiragRegister in Laced', 'User Register', 1, 0, '2018-07-31 14:45:05', '2018-07-31 04:29:20'),
(102, 0, 1, '2', 'Product added', 'User added Product', 'Product add', 1, 0, '2018-07-31 20:14:20', '2018-07-31 09:55:15'),
(103, 12, 0, '2', 'product approved', 'Your Added Item Accepted Successfully we get charge $44.5 when your product is sell Successfully.', '', 0, 0, '2018-07-31 09:45:00', '0000-00-00 00:00:00'),
(104, NULL, 1, '5', 'User Register', 'sawanRegister in Laced', 'User Register', 1, 0, '2018-07-31 20:34:15', '2018-07-31 11:52:14'),
(105, 0, 1, '1', 'Product added', 'User added Product', 'Product add', 1, 0, '2018-07-31 20:49:26', '2018-07-31 11:52:14'),
(106, 13, 0, '1', 'product approved', 'Your Added Item Accepted Successfully we get charge $0 when your product is sell Successfully.', '', 0, 0, '2018-07-31 10:20:45', '0000-00-00 00:00:00'),
(107, 10, 0, '1', 'product disapproved', 'Your Item Not Accepted.', '', 0, 0, '2018-07-31 10:29:38', '0000-00-00 00:00:00'),
(108, 10, 0, '1', 'product approved', 'Your Added Item Accepted Successfully we get charge $50 when your product is sell Successfully.', '', 0, 0, '2018-07-31 10:29:44', '0000-00-00 00:00:00'),
(109, NULL, 1, '6', 'User Register', 'kirstenqRegister in Laced', 'User Register', 1, 0, '2018-08-01 11:52:43', '2018-08-01 03:29:30'),
(110, NULL, 1, '7', 'User Register', 'AshishPatel90Register in Laced', 'User Register', 1, 0, '2018-08-01 16:33:47', '2018-08-01 11:03:25'),
(111, 10, 0, '1', 'product disapproved', 'Your Item Not Accepted.', '', 0, 0, '2018-08-01 10:15:50', '0000-00-00 00:00:00'),
(112, 10, 0, '1', 'product approved', 'Your Added Item Accepted Successfully we get charge $50 when your product is sell Successfully.', '', 0, 0, '2018-08-01 10:16:52', '0000-00-00 00:00:00'),
(113, NULL, 0, NULL, 'Contest Release Date', 'Your Contest Stating Date is - 2018-08-01 12:00 AM And End Date Is - 2018-08-02 10:30 PM', '', 0, 0, '2018-08-01 10:20:43', '0000-00-00 00:00:00'),
(114, NULL, 1, '8', 'User Register', 'jibwayRegister in Laced', 'User Register', 1, 0, '2018-08-02 10:03:02', '2018-08-02 05:03:30'),
(115, 0, 1, '2', 'Product added', 'User added Product', 'Product add', 1, 0, '2018-08-03 16:01:55', '2018-08-03 06:03:42'),
(116, 0, 1, '2', 'Product added', 'User added Product', 'Product add', 1, 0, '2018-08-03 16:18:19', '2018-08-03 06:03:42'),
(117, 0, 1, '1', 'Product added', 'User added Product', 'Product add', 1, 0, '2018-08-03 17:16:31', '2018-08-03 08:17:55'),
(118, 16, 0, '1', 'product approved', 'Your Added Item Accepted Successfully we get charge $0 when your product is sell Successfully.', '', 0, 0, '2018-08-03 06:47:24', '0000-00-00 00:00:00'),
(119, 0, 1, '1', 'Product added', 'User added Product', 'Product add', 1, 0, '2018-08-03 17:22:04', '2018-08-03 08:17:55'),
(120, 15, 0, '2', 'product approved', 'Your Added Item Accepted Successfully we get charge $12.5 when your product is sell Successfully.', '', 0, 0, '2018-08-03 07:26:06', '0000-00-00 00:00:00'),
(121, 14, 0, '2', 'product approved', 'Your Added Item Accepted Successfully we get charge $58 when your product is sell Successfully.', '', 0, 0, '2018-08-03 07:29:52', '0000-00-00 00:00:00'),
(122, 10, 0, '1', 'product disapproved', 'Your Item Not Accepted.', '', 0, 0, '2018-08-03 08:51:08', '0000-00-00 00:00:00'),
(123, 10, 0, '1', 'product approved', 'Your Added Item Accepted Successfully we get charge $50 when your product is sell Successfully.', '', 0, 0, '2018-08-03 08:51:21', '0000-00-00 00:00:00'),
(124, NULL, 1, '9', 'User Register', 'joeblome69 Register in Laced', 'User Register', 1, 0, '2018-08-06 12:41:49', '2018-08-06 04:00:27'),
(125, 0, 1, '2', 'Product added', 'User added Product', 'Product add', 1, 0, '2018-08-06 15:48:16', '2018-08-06 06:42:55'),
(126, 18, 0, '2', 'product approved', 'Your Added Item Accepted Successfully we get charge $12.2 when your product is sell Successfully.', '', 0, 0, '2018-08-06 11:07:37', '0000-00-00 00:00:00'),
(127, NULL, 0, NULL, 'Contest Release Date', 'Your Contest Stating Date is - 2018-08-06 12:00 AM And End Date Is - 2018-08-09 10:30 PM', '', 0, 0, '2018-08-06 11:11:33', '0000-00-00 00:00:00'),
(128, NULL, 0, NULL, 'Raffle Release Date', 'Your Raffle Stating Date is - 2018-08-07 12:00 AM And End Date Is - 2018-08-08 10:30 PM', '', 0, 0, '2018-08-06 11:37:00', '0000-00-00 00:00:00'),
(129, NULL, 0, NULL, 'Raffle Release Date', 'Your Raffle Stating Date is - 2018-08-07 12:00 AM And End Date Is - 2018-08-07 10:30 PM', '', 0, 0, '2018-08-06 11:48:10', '0000-00-00 00:00:00'),
(130, 17, 0, '1', 'product approved', 'Your Added Item Accepted Successfully we get charge $0 when your product is sell Successfully.', '', 0, 0, '2018-08-06 11:55:37', '0000-00-00 00:00:00'),
(131, 17, 0, '1', 'product disapproved', 'Your Item Not Accepted.', '', 0, 0, '2018-08-06 11:56:10', '0000-00-00 00:00:00'),
(132, NULL, 1, '11', 'User Register', 'ryan Register in Laced', 'User Register', 1, 0, '2018-08-07 03:17:11', '2018-08-07 05:11:53'),
(133, 3, 0, '3', 'Winner', 'You are Winner For Auction Product.', 'auction', 0, 0, '2018-08-07 05:34:50', '0000-00-00 00:00:00'),
(134, 3, 0, '2', 'Seller', 'Your Product Purchased Successfully.', 'auction', 0, 0, '2018-08-07 05:34:50', '0000-00-00 00:00:00'),
(135, 3, 0, '3', 'Winner', 'You are Winner For Auction Product.', 'auction', 0, 0, '2018-08-07 06:19:01', '0000-00-00 00:00:00'),
(136, 3, 0, '2', 'Seller', 'Your Product Purchased Successfully.', 'auction', 0, 0, '2018-08-07 06:19:01', '0000-00-00 00:00:00'),
(137, 3, 0, '3', 'Winner', 'You are Winner For Auction Product.', 'auction', 0, 0, '2018-08-07 06:47:01', '0000-00-00 00:00:00'),
(138, 3, 0, '2', 'Seller', 'Your Product Purchased Successfully.', 'auction', 0, 0, '2018-08-07 06:47:01', '0000-00-00 00:00:00'),
(139, 3, 0, '3', 'Winner', 'You are Winner For Auction Product.', 'auction', 0, 0, '2018-08-07 09:35:47', '0000-00-00 00:00:00'),
(140, 3, 0, '2', 'Seller', 'Your Product Purchased Successfully.', 'auction', 0, 0, '2018-08-07 09:35:47', '0000-00-00 00:00:00'),
(141, 3, 0, '4', 'Winner', 'You are Winner For Auction Product.', 'auction', 0, 0, '2018-08-07 09:40:01', '0000-00-00 00:00:00'),
(142, 3, 0, '2', 'Seller', 'Your Product Purchased Successfully.', 'auction', 0, 0, '2018-08-07 09:40:01', '0000-00-00 00:00:00'),
(143, 3, 0, '3', 'Winner', 'You are Winner For Auction Product.', 'auction', 0, 0, '2018-08-07 09:40:15', '0000-00-00 00:00:00'),
(144, 3, 0, '2', 'Seller', 'Your Product Purchased Successfully.', 'auction', 0, 0, '2018-08-07 09:40:15', '0000-00-00 00:00:00'),
(145, 3, 0, '3', 'Winner', 'You are Winner For Auction Product.', 'auction', 0, 0, '2018-08-07 09:49:40', '0000-00-00 00:00:00'),
(146, 3, 0, '2', 'Seller', 'Your Product Purchased Successfully.', 'auction', 0, 0, '2018-08-07 09:49:40', '0000-00-00 00:00:00'),
(147, 3, 0, '1', 'Winner', 'You are Winner For Auction Product.', 'auction', 0, 0, '2018-08-07 09:51:01', '0000-00-00 00:00:00'),
(148, 3, 0, '2', 'Seller', 'Your Product Purchased Successfully.', 'auction', 0, 0, '2018-08-07 09:51:01', '0000-00-00 00:00:00'),
(149, 3, 0, '3', 'Winner', 'You are Winner For Auction Product.', 'auction', 0, 0, '2018-08-07 09:52:01', '0000-00-00 00:00:00'),
(150, 3, 0, '2', 'Seller', 'Your Product Purchased Successfully.', 'auction', 0, 0, '2018-08-07 09:52:01', '0000-00-00 00:00:00'),
(151, 3, 0, '4', 'Winner', 'You are Winner For Auction Product.', 'auction', 0, 0, '2018-08-07 10:01:01', '0000-00-00 00:00:00'),
(152, 3, 0, '2', 'Seller', 'Your Product Purchased Successfully.', 'auction', 0, 0, '2018-08-07 10:01:01', '0000-00-00 00:00:00'),
(153, 3, 0, '3', 'Winner', 'You are Winner For Auction Product.', 'auction', 0, 0, '2018-08-07 10:02:01', '0000-00-00 00:00:00'),
(154, 3, 0, '2', 'Seller', 'Your Product Purchased Successfully.', 'auction', 0, 0, '2018-08-07 10:02:01', '0000-00-00 00:00:00'),
(155, 3, 0, '3', 'Winner', 'You are Winner For Auction Product.', 'auction', 0, 0, '2018-08-07 10:10:01', '0000-00-00 00:00:00'),
(156, 3, 0, '2', 'Seller', 'Your Product Purchased Successfully.', 'auction', 0, 0, '2018-08-07 10:10:01', '0000-00-00 00:00:00'),
(157, NULL, 1, '12', 'User Register', 'reeseer0711 Register in Laced', 'User Register', 1, 0, '2018-08-08 15:11:30', '2018-08-08 05:50:06'),
(158, NULL, 1, '13', 'User Register', 'ikerfm22 Register in Laced', 'User Register', 1, 0, '2018-08-08 16:21:23', '2018-08-08 06:38:33'),
(159, NULL, 0, NULL, 'Raffle Release Date', 'Your Raffle Stating Date is - 2018-08-09 12:00 AM And End Date Is - 2018-08-10 10:30 PM', '', 0, 0, '2018-08-08 06:08:45', '0000-00-00 00:00:00'),
(160, NULL, 0, NULL, 'Raffle Release Date', 'Your Raffle Stating Date is - 2018-08-09 12:00 AM And End Date Is - 2018-08-10 10:30 PM', '', 0, 0, '2018-08-08 06:10:07', '0000-00-00 00:00:00'),
(161, NULL, 0, NULL, 'Raffle Release Date', 'Your Raffle Stating Date is - 2018-08-09 12:00 AM And End Date Is - 2018-08-10 10:30 PM', '', 0, 0, '2018-08-08 06:11:01', '0000-00-00 00:00:00'),
(162, NULL, 0, NULL, 'Raffle Release Date', 'Your Raffle Stating Date is - 2018-08-09 12:00 AM And End Date Is - 2018-08-10 10:30 PM', '', 0, 0, '2018-08-08 06:12:21', '0000-00-00 00:00:00'),
(163, NULL, 0, NULL, 'Contest Release Date', 'Your Contest Stating Date is - 2018-08-09 12:00 AM And End Date Is - 2018-08-15 10:30 PM', '', 0, 0, '2018-08-08 06:16:13', '0000-00-00 00:00:00'),
(164, NULL, 0, NULL, 'Contest Release Date', 'Your Contest Stating Date is - 2018-08-09 12:00 AM And End Date Is - 2018-08-15 10:30 PM', '', 0, 0, '2018-08-08 06:16:14', '0000-00-00 00:00:00'),
(165, 9, 0, '1', 'Auction Release Date', 'Your Auction Stating Date is - 2018-08-09 12:00 AM And End Date Is - 2018-08-24 10:30 PM', '', 0, 0, '2018-08-08 08:39:01', '0000-00-00 00:00:00'),
(166, 9, 0, '1', 'Auction Release Date', 'Your Auction Stating Date is - 2018-08-09 12:00 AM And End Date Is - 2018-08-24 10:30 PM', '', 0, 0, '2018-08-08 08:42:40', '0000-00-00 00:00:00'),
(167, NULL, 1, '14', 'User Register', 'sidy Register in Laced', 'User Register', 1, 0, '2018-08-09 16:19:37', '2018-08-13 09:43:41'),
(168, NULL, 1, '15', 'User Register', 'terence73 Register in Laced', 'User Register', 1, 0, '2018-08-09 18:56:34', '2018-08-13 09:43:41'),
(169, NULL, 1, '16', 'User Register', 'Jansen Register in Laced', 'User Register', 1, 0, '2018-08-09 23:30:25', '2018-08-13 09:43:41'),
(170, NULL, 1, '17', 'User Register', 'Ralph Register in Laced', 'User Register', 1, 0, '2018-08-09 23:32:33', '2018-08-13 09:43:41'),
(171, NULL, 1, '19', 'User Register', 'jeewa Register in Laced', 'User Register', 1, 0, '2018-08-10 21:07:30', '2018-08-13 09:43:41'),
(172, 0, 1, '3', 'Product added', 'added Product', 'Product add', 1, 0, '2018-08-12 02:15:39', '2018-08-13 09:43:41'),
(173, NULL, 1, '20', 'User Register', 'gregorhill20 Register in Laced', 'User Register', 1, 0, '2018-08-12 08:27:57', '2018-08-13 09:43:41'),
(174, NULL, 1, '22', 'User Register', 'archie_123 Register in Laced', 'User Register', 1, 0, '2018-08-17 08:28:07', '2018-08-21 02:40:12'),
(175, NULL, 1, '23', 'User Register', 'marekculik07 Register in Laced', 'User Register', 1, 0, '2018-08-18 08:28:06', '2018-08-21 02:40:12'),
(176, NULL, 1, '24', 'User Register', 'zmaks Register in Laced', 'User Register', 1, 0, '2018-08-18 21:52:28', '2018-08-21 02:40:12'),
(177, NULL, 1, '25', 'User Register', 'victormosqueda Register in Laced', 'User Register', 1, 0, '2018-08-19 03:57:55', '2018-08-21 02:40:12'),
(178, NULL, 1, '26', 'User Register', 'arif23 Register in Laced', 'User Register', 1, 0, '2018-08-19 08:55:29', '2018-08-21 02:40:12'),
(179, 17, 0, '1', 'product approved', 'Your Added Item Accepted Successfully we get charge $0 when your product is sell Successfully.', '', 0, 0, '2018-08-21 02:50:44', '0000-00-00 00:00:00'),
(180, 20, 0, '2', 'product approved', 'Your Added Item Accepted Successfully we get charge $12.2 when your product is sell Successfully.', '', 0, 0, '2018-08-22 06:33:23', '0000-00-00 00:00:00'),
(181, NULL, 1, '27', 'User Register', 'aka.eu Register in Laced', 'User Register', 1, 0, '2018-08-25 20:18:11', '2018-08-26 20:01:19'),
(182, NULL, 1, '28', 'User Register', 'pablo_waze Register in Laced', 'User Register', 1, 0, '2018-08-26 05:18:45', '2018-08-26 20:01:19'),
(183, 0, 1, '3', 'Product added', 'added Product', 'Product add', 1, 0, '2018-08-26 23:22:17', '2018-08-26 20:01:19'),
(184, 22, 0, '3', 'Auction Release Date', 'Your Auction Stating Date is - 2018-08-27 12:00 AM And End Date Is - 2018-08-27 03:30 PM', '', 0, 0, '2018-08-26 18:28:32', '0000-00-00 00:00:00'),
(185, NULL, 1, '29', 'User Register', 'juju83 Register in Laced', 'User Register', 1, 0, '2018-08-27 15:18:59', '2018-08-29 07:20:35'),
(186, NULL, 1, '30', 'User Register', 'diegobea191016 Register in Laced', 'User Register', 1, 0, '2018-08-28 06:00:16', '2018-08-29 07:20:35'),
(187, 22, 0, '3', 'product approved', 'Your Added Item Accepted Successfully we get charge $30 when your product is sell Successfully.', '', 0, 0, '2018-08-29 07:08:23', '0000-00-00 00:00:00'),
(188, 22, 0, '3', 'product disapproved', 'Your Item Not Accepted.', '', 0, 0, '2018-08-29 07:09:11', '0000-00-00 00:00:00'),
(189, 22, 0, '3', 'product approved', 'Your Added Item Accepted Successfully we get charge $30 when your product is sell Successfully.', '', 0, 0, '2018-08-29 07:10:32', '0000-00-00 00:00:00'),
(190, 0, 1, '1', 'Product added', 'added Product', 'Product add', 1, 0, '2018-08-29 12:20:22', '2018-08-29 07:20:35'),
(191, 23, 0, '1', 'product approved', 'Your Added Item Accepted Successfully we get charge $50 when your product is sell Successfully.', '', 0, 0, '2018-08-29 07:21:36', '0000-00-00 00:00:00'),
(192, 0, 1, '1', 'Product added', 'added Product', 'Product add', 1, 0, '2018-08-29 13:37:42', '2018-08-29 12:26:34'),
(193, 24, 0, '1', 'product approved', 'Your Added Item Accepted Successfully we get charge $35 when your product is sell Successfully.', '', 0, 0, '2018-08-29 08:38:23', '0000-00-00 00:00:00'),
(194, NULL, 0, NULL, 'Raffle Release Date', 'Your Raffle Stating Date is - 2018-08-29 12:00 AM And End Date Is - 2018-08-29 10:30 PM', '', 0, 0, '2018-08-29 20:16:19', '0000-00-00 00:00:00'),
(195, NULL, 1, '31', 'User Register', 'joe.hackett Register in Laced', 'User Register', 1, 0, '2018-08-30 02:34:16', '2018-08-31 10:16:12'),
(197, NULL, 1, '4', 'dsges', 'rfygesx', 'Notification', 1, 1, '2018-09-01 16:39:11', '2018-09-03 02:20:41'),
(198, NULL, 1, '4', 'hujhuj', 'yghjbj', 'Notification', 1, 1, '2018-09-01 17:52:32', '2018-09-03 02:20:41'),
(199, 0, 1, '3', 'Product added', 'added Product', 'Product add', 1, 0, '2018-09-03 08:10:00', '2018-09-03 04:45:26'),
(200, 0, 1, '3', 'Product added', 'added Product', 'Product add', 1, 0, '2018-09-03 08:13:29', '2018-09-03 04:45:26'),
(201, 26, 0, '3', 'product approved', 'Your Added Item Accepted Successfully we get charge $35 when your product is sell Successfully.', '', 0, 0, '2018-09-03 03:13:41', '0000-00-00 00:00:00'),
(202, NULL, 1, '3', 'Marketplace', 'Test', 'Notification', 1, 1, '2018-09-03 15:16:25', '2018-09-04 02:54:08'),
(203, NULL, 1, '3', 'You won!', 'This is Ryan from the Laced team. I just wanted to let you know that you won the giveaway! DM us on instagram @golaced!!', 'Notification', 1, 1, '2018-09-03 15:17:10', '2018-09-04 02:54:08'),
(205, NULL, 1, '3', 'Hit us up', 'Hey Ryan, please hit us up on instagram @golaced. You won the giveaway!', 'Notification', 1, 1, '2018-09-04 13:23:52', '2018-09-04 02:54:08'),
(206, NULL, 1, '1,2,3,4,6', 'testin', 'nothin', 'Notification', 1, 1, '2018-09-04 22:17:50', '2018-09-05 09:12:01'),
(207, NULL, 1, '32', 'User Register', 'Davidxschw. Register in Laced', 'User Register', 1, 0, '2018-09-04 19:37:55', '2018-09-05 09:12:01'),
(208, NULL, 1, '33', 'User Register', 'test Register in Laced', 'User Register', 1, 0, '2018-09-11 15:11:31', '2018-09-14 13:07:22'),
(209, 0, 1, '2', 'Product added', 'added Product', 'Product add', 1, 0, '2018-09-14 09:27:36', '2018-09-14 13:07:22'),
(210, 29, 0, '2', 'product approved', 'Your Added Item Accepted Successfully we get charge $43 when your product is sell Successfully.', '', 0, 0, '2018-09-14 04:29:01', '0000-00-00 00:00:00'),
(211, 0, 1, '2', 'Product added', 'added Product', 'Product add', 1, 0, '2018-09-14 10:22:10', '2018-09-14 13:07:22'),
(212, 30, 0, '2', 'product approved', 'Your Added Item Accepted Successfully we get charge $30 when your product is sell Successfully.', '', 0, 0, '2018-09-14 05:22:41', '0000-00-00 00:00:00'),
(213, 0, 1, '3', 'Product added', 'added Product', 'Product add', 1, 0, '2018-09-14 20:11:36', '2018-09-23 11:35:50'),
(214, 31, 0, '3', 'Auction Release Date', 'Your Auction Stating Date is - 2018-09-14 10:15 AM And End Date Is - 2018-09-14 09:30 AM', '', 0, 0, '2018-09-14 15:13:20', '0000-00-00 00:00:00'),
(215, 31, 0, '3', 'product approved', 'Your Added Item Accepted Successfully we get charge $30 when your product is sell Successfully.', '', 0, 0, '2018-09-14 15:13:29', '0000-00-00 00:00:00'),
(216, NULL, 1, '34', 'User Register', 'admin Register in Laced', 'User Register', 1, 0, '2018-09-14 20:22:49', '2018-09-23 11:35:50'),
(217, 0, 1, '34', 'Product added', 'added Product', 'Product add', 1, 0, '2018-09-14 20:27:20', '2018-09-23 11:35:50'),
(218, 32, 0, '34', 'product approved', 'Your Added Item Accepted Successfully we get charge $40 when your product is sell Successfully.', '', 0, 0, '2018-09-14 15:27:40', '0000-00-00 00:00:00'),
(219, 0, 1, '3', 'Product added', 'added Product', 'Product add', 1, 0, '2018-09-14 20:33:07', '2018-09-23 11:35:50'),
(220, 33, 0, '3', 'product approved', 'Your Added Item Accepted Successfully we get charge $0.5 when your product is sell Successfully.', '', 0, 0, '2018-09-14 15:33:31', '0000-00-00 00:00:00'),
(221, NULL, 1, '35', 'User Register', 'Vinodbkalathiya Register in Laced', 'User Register', 1, 0, '2018-09-17 09:30:34', '2018-09-23 11:35:50'),
(222, NULL, 1, '36', 'User Register', 'travtill89 Register in Laced', 'User Register', 1, 0, '2018-09-27 11:03:00', '2018-10-04 14:56:31'),
(223, NULL, 1, '37', 'User Register', 'MrParnS Register in Laced', 'User Register', 1, 0, '2018-09-27 11:41:55', '2018-10-04 14:56:31'),
(224, NULL, 1, '38', 'User Register', 'jackd23 Register in Laced', 'User Register', 1, 0, '2018-09-29 01:35:11', '2018-10-04 14:56:31'),
(225, NULL, 1, '39', 'User Register', 'madmackeral Register in Laced', 'User Register', 1, 0, '2018-09-29 08:56:14', '2018-10-04 14:56:31'),
(226, NULL, 1, '40', 'User Register', 'adam2718 Register in Laced', 'User Register', 1, 0, '2018-09-29 14:10:45', '2018-10-04 14:56:31'),
(227, NULL, 1, '41', 'User Register', 'clynch95 Register in Laced', 'User Register', 1, 0, '2018-10-02 08:19:40', '2018-10-04 14:56:31'),
(228, NULL, 1, '42', 'User Register', 'tom Register in Laced', 'User Register', 1, 0, '2018-10-02 22:11:34', '2018-10-04 14:56:31'),
(229, NULL, 1, '43', 'User Register', 'oxygen_salt Register in Laced', 'User Register', 1, 0, '2018-10-02 22:48:43', '2018-10-04 14:56:31'),
(230, NULL, 1, '44', 'User Register', 'Panamavp718 Register in Laced', 'User Register', 1, 0, '2018-10-02 23:44:22', '2018-10-04 14:56:31'),
(231, NULL, 1, '45', 'User Register', 'Lawless Register in Laced', 'User Register', 1, 0, '2018-10-03 00:45:24', '2018-10-04 14:56:31'),
(232, NULL, 1, '46', 'User Register', 'qasiomc Register in Laced', 'User Register', 1, 0, '2018-10-03 14:09:26', '2018-10-04 14:56:31'),
(233, NULL, 1, '47', 'User Register', 'zambo93 Register in Laced', 'User Register', 1, 0, '2018-10-03 17:05:08', '2018-10-04 14:56:31'),
(234, NULL, 1, '48', 'User Register', 'callingreen Register in Laced', 'User Register', 1, 0, '2018-10-03 17:58:38', '2018-10-04 14:56:31'),
(235, NULL, 1, '49', 'User Register', 'Thom Register in Laced', 'User Register', 1, 0, '2018-10-03 23:40:51', '2018-10-04 14:56:31'),
(236, NULL, 1, '50', 'User Register', 'salg Register in Laced', 'User Register', 1, 0, '2018-10-05 16:27:00', '2018-11-18 16:34:22'),
(237, NULL, 1, '51', 'User Register', 'jakehinch Register in Laced', 'User Register', 1, 0, '2018-10-05 20:57:43', '2018-11-18 16:34:22'),
(238, NULL, 1, '52', 'User Register', 'jerrymacaroni Register in Laced', 'User Register', 1, 0, '2018-10-07 14:17:56', '2018-11-18 16:34:22'),
(239, NULL, 1, '53', 'User Register', 'Alanmorales015 Register in Laced', 'User Register', 1, 0, '2018-10-08 02:01:20', '2018-11-18 16:34:22'),
(240, NULL, 1, '54', 'User Register', 'ghanshyam Register in Laced', 'User Register', 1, 0, '2018-10-08 10:37:34', '2018-11-18 16:34:22'),
(241, NULL, 1, '55', 'User Register', 'roddy0 Register in Laced', 'User Register', 1, 0, '2018-10-08 16:39:42', '2018-11-18 16:34:22'),
(242, NULL, 1, '56', 'User Register', 'minnit Register in Laced', 'User Register', 1, 0, '2018-10-08 17:41:02', '2018-11-18 16:34:22'),
(243, NULL, 1, '57', 'User Register', 'graileditaly Register in Laced', 'User Register', 1, 0, '2018-10-09 15:59:07', '2018-11-18 16:34:22'),
(244, NULL, 1, '58', 'User Register', 'pyryww Register in Laced', 'User Register', 1, 0, '2018-10-10 03:26:16', '2018-11-18 16:34:22'),
(245, NULL, 1, '59', 'User Register', 'fayded33 Register in Laced', 'User Register', 1, 0, '2018-10-17 08:52:52', '2018-11-18 16:34:22'),
(246, NULL, 1, '60', 'User Register', 'angelesp1006 Register in Laced', 'User Register', 1, 0, '2018-10-17 09:29:34', '2018-11-18 16:34:22'),
(247, NULL, 1, '61', 'User Register', 'teriyaki6ix2two Register in Laced', 'User Register', 1, 0, '2018-10-17 09:47:57', '2018-11-18 16:34:22'),
(248, NULL, 1, '62', 'User Register', 'Jondalf Register in Laced', 'User Register', 1, 0, '2018-10-17 10:28:38', '2018-11-18 16:34:22'),
(249, NULL, 1, '63', 'User Register', 'Gravgaard01 Register in Laced', 'User Register', 1, 0, '2018-10-17 11:44:44', '2018-11-18 16:34:22'),
(250, NULL, 1, '64', 'User Register', 'Wofficon Register in Laced', 'User Register', 1, 0, '2018-10-17 12:00:54', '2018-11-18 16:34:22'),
(251, NULL, 1, '65', 'User Register', 'rikkert19987 Register in Laced', 'User Register', 1, 0, '2018-10-17 12:32:43', '2018-11-18 16:34:22'),
(252, NULL, 1, '66', 'User Register', 'jasper Register in Laced', 'User Register', 1, 0, '2018-10-17 14:31:15', '2018-11-18 16:34:22'),
(253, NULL, 1, '67', 'User Register', 'justLeo Register in Laced', 'User Register', 1, 0, '2018-10-17 15:21:30', '2018-11-18 16:34:22'),
(254, NULL, 1, '68', 'User Register', 'William7422 Register in Laced', 'User Register', 1, 0, '2018-10-17 16:05:42', '2018-11-18 16:34:22'),
(255, NULL, 1, '69', 'User Register', 'jarne_dhs Register in Laced', 'User Register', 1, 0, '2018-10-17 16:12:31', '2018-11-18 16:34:22'),
(256, NULL, 1, '70', 'User Register', 'Flowzry Register in Laced', 'User Register', 1, 0, '2018-10-17 16:37:10', '2018-11-18 16:34:22'),
(257, NULL, 1, '71', 'User Register', 'MOSAMA Register in Laced', 'User Register', 1, 0, '2018-10-17 17:51:33', '2018-11-18 16:34:22'),
(258, NULL, 1, '72', 'User Register', 'Samuel A. Register in Laced', 'User Register', 1, 0, '2018-10-17 19:15:00', '2018-11-18 16:34:22'),
(259, NULL, 1, '73', 'User Register', 'don70 Register in Laced', 'User Register', 1, 0, '2018-10-17 19:23:41', '2018-11-18 16:34:22'),
(260, NULL, 1, '74', 'User Register', 'billychily Register in Laced', 'User Register', 1, 0, '2018-10-17 19:29:00', '2018-11-18 16:34:22'),
(261, NULL, 1, '75', 'User Register', 'Rodriguez Corral Register in Laced', 'User Register', 1, 0, '2018-10-17 19:49:56', '2018-11-18 16:34:22'),
(262, NULL, 1, '76', 'User Register', 'Adil.b Register in Laced', 'User Register', 1, 0, '2018-10-17 23:42:44', '2018-11-18 16:34:22'),
(263, NULL, 1, '77', 'User Register', 'btl.paggro Register in Laced', 'User Register', 1, 0, '2018-10-18 01:12:31', '2018-11-18 16:34:22'),
(264, NULL, 1, '78', 'User Register', 'toddbald Register in Laced', 'User Register', 1, 0, '2018-10-18 17:32:12', '2018-11-18 16:34:22'),
(265, NULL, 1, '79', 'User Register', 'casper17cb Register in Laced', 'User Register', 1, 0, '2018-10-18 18:48:01', '2018-11-18 16:34:22'),
(266, NULL, 1, '80', 'User Register', 'dnhd Register in Laced', 'User Register', 1, 0, '2018-10-18 19:05:40', '2018-11-18 16:34:22'),
(267, NULL, 1, '81', 'User Register', 'planeetmars6 Register in Laced', 'User Register', 1, 0, '2018-10-18 19:30:58', '2018-11-18 16:34:22'),
(268, NULL, 1, '82', 'User Register', 'finnsta Register in Laced', 'User Register', 1, 0, '2018-10-19 03:44:00', '2018-11-18 16:34:22'),
(269, NULL, 1, '83', 'User Register', 'luck2y Register in Laced', 'User Register', 1, 0, '2018-10-19 20:44:07', '2018-11-18 16:34:22'),
(270, NULL, 1, '84', 'User Register', 'robert222004 Register in Laced', 'User Register', 1, 0, '2018-10-20 00:33:37', '2018-11-18 16:34:22'),
(271, NULL, 1, '85', 'User Register', 'tony85567 Register in Laced', 'User Register', 1, 0, '2018-10-20 01:26:26', '2018-11-18 16:34:22'),
(272, NULL, 1, '86', 'User Register', 'jung Register in Laced', 'User Register', 1, 0, '2018-10-20 07:08:28', '2018-11-18 16:34:22'),
(273, NULL, 1, '87', 'User Register', '4inter Register in Laced', 'User Register', 1, 0, '2018-10-20 15:48:06', '2018-11-18 16:34:22'),
(274, NULL, 1, '88', 'User Register', '~Aaron~ Register in Laced', 'User Register', 1, 0, '2018-10-20 16:43:09', '2018-11-18 16:34:22'),
(275, NULL, 1, '89', 'User Register', 'oscar Register in Laced', 'User Register', 1, 0, '2018-10-21 08:48:58', '2018-11-18 16:34:22'),
(276, NULL, 1, '90', 'User Register', 'Will.Reid33 Register in Laced', 'User Register', 1, 0, '2018-10-21 15:05:50', '2018-11-18 16:34:22'),
(277, NULL, 1, '91', 'User Register', 'Fairoos Register in Laced', 'User Register', 1, 0, '2018-10-21 17:38:30', '2018-11-18 16:34:22'),
(278, NULL, 1, '92', 'User Register', 'shayzee229 Register in Laced', 'User Register', 1, 0, '2018-10-21 19:27:12', '2018-11-18 16:34:22'),
(279, NULL, 1, '93', 'User Register', 'paulepue Register in Laced', 'User Register', 1, 0, '2018-10-21 19:39:13', '2018-11-18 16:34:22'),
(280, NULL, 1, '94', 'User Register', 'Alex05ch Register in Laced', 'User Register', 1, 0, '2018-10-21 19:51:27', '2018-11-18 16:34:22'),
(281, NULL, 1, '95', 'User Register', 'Saintnessy Register in Laced', 'User Register', 1, 0, '2018-10-21 20:36:12', '2018-11-18 16:34:22'),
(282, NULL, 1, '96', 'User Register', 'sam.lee47 Register in Laced', 'User Register', 1, 0, '2018-10-21 23:00:36', '2018-11-18 16:34:22'),
(283, NULL, 1, '97', 'User Register', 'lucasweg Register in Laced', 'User Register', 1, 0, '2018-10-21 23:12:46', '2018-11-18 16:34:22'),
(284, NULL, 1, '98', 'User Register', 'full~of~swoosh Register in Laced', 'User Register', 1, 0, '2018-10-22 00:09:39', '2018-11-18 16:34:22'),
(285, NULL, 1, '99', 'User Register', 'tomlawson Register in Laced', 'User Register', 1, 0, '2018-10-22 00:24:04', '2018-11-18 16:34:22'),
(286, NULL, 1, '100', 'User Register', 'gucci748 Register in Laced', 'User Register', 1, 0, '2018-10-22 03:34:31', '2018-11-18 16:34:22'),
(287, NULL, 1, '101', 'User Register', 'ladala171101 Register in Laced', 'User Register', 1, 0, '2018-10-23 00:19:29', '2018-11-18 16:34:22'),
(288, NULL, 1, '102', 'User Register', 'Denico.M11 Register in Laced', 'User Register', 1, 0, '2018-10-23 02:41:32', '2018-11-18 16:34:22'),
(289, NULL, 1, '103', 'User Register', 'leo Register in Laced', 'User Register', 1, 0, '2018-10-23 16:12:37', '2018-11-18 16:34:22'),
(290, NULL, 1, '104', 'User Register', 'LuDa Register in Laced', 'User Register', 1, 0, '2018-10-24 23:24:26', '2018-11-18 16:34:22'),
(291, NULL, 1, '105', 'User Register', 'jdlim2014 Register in Laced', 'User Register', 1, 0, '2018-10-27 11:16:40', '2018-11-18 16:34:22'),
(292, NULL, 1, '106', 'User Register', 'letsbefreeonlife Register in Laced', 'User Register', 1, 0, '2018-10-28 05:51:17', '2018-11-18 16:34:22'),
(293, NULL, 1, '107', 'User Register', 'fortunenate Register in Laced', 'User Register', 1, 0, '2018-10-29 18:11:51', '2018-11-18 16:34:22'),
(294, NULL, 1, '108', 'User Register', 'victorgdg Register in Laced', 'User Register', 1, 0, '2018-10-29 22:17:45', '2018-11-18 16:34:22'),
(295, NULL, 1, '109', 'User Register', 'Knuudsen1 Register in Laced', 'User Register', 1, 0, '2018-11-01 13:35:25', '2018-11-18 16:34:22'),
(296, NULL, 1, '110', 'User Register', 'BadBanana321 Register in Laced', 'User Register', 1, 0, '2018-11-07 21:27:34', '2018-11-18 16:34:22'),
(297, NULL, 1, '111', 'User Register', 'scottwhite21 Register in Laced', 'User Register', 1, 0, '2018-11-08 00:29:51', '2018-11-18 16:34:22'),
(298, NULL, 1, '112', 'User Register', 'nuzaihanriza Register in Laced', 'User Register', 1, 0, '2018-11-08 01:13:10', '2018-11-18 16:34:22'),
(299, NULL, 1, '113', 'User Register', 'tsogtoo Register in Laced', 'User Register', 1, 0, '2018-11-08 19:24:17', '2018-11-18 16:34:22'),
(300, NULL, 1, '114', 'User Register', 'daprof Register in Laced', 'User Register', 1, 0, '2018-11-14 16:56:47', '2018-11-18 16:34:22'),
(301, NULL, 1, '115', 'User Register', 'vaughn Register in Laced', 'User Register', 1, 0, '2018-11-18 05:21:59', '2018-11-18 16:34:22'),
(302, NULL, 1, '116', 'User Register', '2853 Register in Laced', 'User Register', 1, 0, '2018-11-28 22:36:43', '2018-12-11 05:57:49'),
(303, NULL, 1, '117', 'User Register', 'jordybruil Register in Laced', 'User Register', 1, 0, '2018-11-30 04:16:40', '2018-12-11 05:57:49'),
(304, NULL, 1, '118', 'User Register', 'Kev.theshoehead Register in Laced', 'User Register', 1, 0, '2018-12-02 14:56:35', '2018-12-11 05:57:49'),
(305, NULL, 1, '119', 'User Register', 'JoshMcCausland Register in Laced', 'User Register', 1, 0, '2018-12-04 02:46:13', '2018-12-11 05:57:49'),
(306, NULL, 1, '120', 'User Register', 'adripradaa_ Register in Laced', 'User Register', 1, 0, '2018-12-04 20:34:22', '2018-12-11 05:57:49'),
(307, NULL, 1, '121', 'User Register', 'Anthony Reyes Register in Laced', 'User Register', 1, 0, '2018-12-07 05:49:37', '2018-12-11 05:57:49'),
(308, NULL, 1, '122', 'User Register', 'kristhian199 Register in Laced', 'User Register', 1, 0, '2018-12-10 07:19:39', '2018-12-11 05:57:49'),
(309, NULL, 1, '123', 'User Register', 'trantram001 Register in Laced', 'User Register', 1, 0, '2018-12-15 04:43:08', '2018-12-26 13:52:19'),
(310, NULL, 1, '124', 'User Register', 'molina Register in Laced', 'User Register', 1, 0, '2018-12-17 08:15:30', '2018-12-26 13:52:19'),
(311, NULL, 1, '125', 'User Register', 'flow194 Register in Laced', 'User Register', 1, 0, '2018-12-17 18:19:12', '2018-12-26 13:52:19'),
(312, NULL, 1, '126', 'User Register', 'minjunly Register in Laced', 'User Register', 1, 0, '2018-12-18 12:08:17', '2018-12-26 13:52:19'),
(313, NULL, 1, '127', 'User Register', 'OS--Storm Register in Laced', 'User Register', 1, 0, '2018-12-19 03:52:34', '2018-12-26 13:52:19'),
(314, NULL, 1, '128', 'User Register', 'adi2102 Register in Laced', 'User Register', 1, 0, '2018-12-22 22:53:19', '2018-12-26 13:52:19'),
(315, NULL, 1, '129', 'User Register', 'tk23 Register in Laced', 'User Register', 1, 0, '2018-12-23 19:05:25', '2018-12-26 13:52:19'),
(316, NULL, 1, '130', 'User Register', 'CGNavajas Register in Laced', 'User Register', 1, 0, '2018-12-31 02:22:35', '2019-01-06 09:57:40'),
(317, NULL, 1, '131', 'User Register', 'Kai Ko Register in Laced', 'User Register', 1, 0, '2018-12-31 03:08:17', '2019-01-06 09:57:40'),
(318, NULL, 1, '132', 'User Register', 'Capel8 Register in Laced', 'User Register', 1, 0, '2019-01-01 03:21:01', '2019-01-06 09:57:40'),
(319, NULL, 1, '133', 'User Register', 'Dovydas Register in Laced', 'User Register', 1, 0, '2019-01-01 22:01:08', '2019-01-06 09:57:40'),
(320, NULL, 1, '134', 'User Register', 'Vandam777 Register in Laced', 'User Register', 1, 0, '2019-01-03 01:10:10', '2019-01-06 09:57:40'),
(321, NULL, 1, '135', 'User Register', 'Phil Register in Laced', 'User Register', 1, 0, '2019-01-09 04:31:42', '2019-02-18 02:55:05'),
(322, NULL, 1, '136', 'User Register', 'dannylin314 Register in Laced', 'User Register', 1, 0, '2019-01-14 03:18:03', '2019-02-18 02:55:05'),
(323, NULL, 1, '137', 'User Register', 'dabo.98 Register in Laced', 'User Register', 1, 0, '2019-01-15 06:11:40', '2019-02-18 02:55:05'),
(324, NULL, 1, '138', 'User Register', 'rawdawg Register in Laced', 'User Register', 1, 0, '2019-01-19 14:03:40', '2019-02-18 02:55:05'),
(325, NULL, 1, '139', 'User Register', 'sbmesims Register in Laced', 'User Register', 1, 0, '2019-01-20 00:05:06', '2019-02-18 02:55:05'),
(326, NULL, 1, '140', 'User Register', 'Nail Register in Laced', 'User Register', 1, 0, '2019-01-20 05:12:39', '2019-02-18 02:55:05'),
(327, NULL, 1, '141', 'User Register', 'Harryj13 Register in Laced', 'User Register', 1, 0, '2019-01-22 12:46:50', '2019-02-18 02:55:05'),
(328, NULL, 1, '142', 'User Register', 'S_Wox Register in Laced', 'User Register', 1, 0, '2019-01-27 23:42:20', '2019-02-18 02:55:05'),
(329, NULL, 1, '143', 'User Register', 'supreme Royale Register in Laced', 'User Register', 1, 0, '2019-01-29 09:59:14', '2019-02-18 02:55:05'),
(330, NULL, 1, '144', 'User Register', 'pzhz1999@gmail.com Register in Laced', 'User Register', 1, 0, '2019-01-29 10:22:04', '2019-02-18 02:55:05'),
(331, NULL, 1, '145', 'User Register', 'simba Register in Laced', 'User Register', 1, 0, '2019-01-29 14:56:22', '2019-02-18 02:55:05'),
(332, NULL, 1, '146', 'User Register', 'rithysak10 Register in Laced', 'User Register', 1, 0, '2019-01-31 22:52:21', '2019-02-18 02:55:05'),
(333, NULL, 1, '147', 'User Register', 'LewisNganga13 Register in Laced', 'User Register', 1, 0, '2019-02-01 03:20:25', '2019-02-18 02:55:05'),
(334, NULL, 1, '148', 'User Register', 'LewisNganga2006 Register in Laced', 'User Register', 1, 0, '2019-02-01 03:22:51', '2019-02-18 02:55:05'),
(335, NULL, 1, '149', 'User Register', 'misfit Register in Laced', 'User Register', 1, 0, '2019-02-03 08:37:02', '2019-02-18 02:55:05'),
(336, NULL, 1, '150', 'User Register', 'estar10 Register in Laced', 'User Register', 1, 0, '2019-02-03 19:45:00', '2019-02-18 02:55:05'),
(337, NULL, 1, '151', 'User Register', 'lucas Register in Laced', 'User Register', 1, 0, '2019-02-03 23:49:37', '2019-02-18 02:55:05'),
(338, NULL, 1, '152', 'User Register', 'Cam Register in Laced', 'User Register', 1, 0, '2019-02-04 08:06:49', '2019-02-18 02:55:05'),
(339, NULL, 1, '153', 'User Register', 'biddzz Register in Laced', 'User Register', 1, 0, '2019-02-05 18:31:05', '2019-02-18 02:55:05'),
(340, NULL, 1, '154', 'User Register', '720 Register in Laced', 'User Register', 1, 0, '2019-02-06 07:42:22', '2019-02-18 02:55:05'),
(341, NULL, 1, '155', 'User Register', 'nardo Register in Laced', 'User Register', 1, 0, '2019-02-06 20:03:29', '2019-02-18 02:55:05'),
(342, NULL, 1, '156', 'User Register', 'xxcinkana Register in Laced', 'User Register', 1, 0, '2019-02-06 22:58:53', '2019-02-18 02:55:05'),
(343, NULL, 1, '157', 'User Register', 'Dragonslayer Register in Laced', 'User Register', 1, 0, '2019-02-07 08:33:04', '2019-02-18 02:55:05');
INSERT INTO `notification` (`Notification_Id`, `Item_Id`, `Admin_Id`, `User_Id`, `Notification_Title`, `Notification_Message`, `Notification_Type`, `Notification_Status`, `Notification_Admin`, `created`, `modified`) VALUES
(344, NULL, 1, '158', 'User Register', 'totoo207 Register in Laced', 'User Register', 1, 0, '2019-02-16 22:49:37', '2019-02-18 02:55:05'),
(345, NULL, 1, '159', 'User Register', 'tyannari2 Register in Laced', 'User Register', 1, 0, '2019-02-18 08:29:37', '2019-02-18 02:55:05'),
(346, NULL, 1, '160', 'User Register', 'ckatz98 Register in Laced', 'User Register', 1, 0, '2019-02-18 17:31:05', '2019-02-18 15:28:02'),
(347, NULL, 1, '161', 'User Register', 'flyflyerson Register in Laced', 'User Register', 1, 0, '2019-02-19 19:43:36', '2019-02-19 21:21:06'),
(348, NULL, 1, '162', 'User Register', 'mls509 Register in Laced', 'User Register', 1, 0, '2019-02-20 12:00:38', '2019-03-03 09:54:17'),
(349, NULL, 1, '163', 'User Register', 'owney75 Register in Laced', 'User Register', 1, 0, '2019-02-22 10:17:29', '2019-03-03 09:54:17'),
(350, NULL, 1, '164', 'User Register', 'Lynn Register in Laced', 'User Register', 1, 0, '2019-02-22 16:39:03', '2019-03-03 09:54:17'),
(351, NULL, 1, '165', 'User Register', 'Quill Register in Laced', 'User Register', 1, 0, '2019-02-22 20:53:01', '2019-03-03 09:54:17'),
(352, NULL, 1, '166', 'User Register', 'Pyro Register in Laced', 'User Register', 1, 0, '2019-02-22 22:06:29', '2019-03-03 09:54:17'),
(353, NULL, 1, '167', 'User Register', 'Thurstonstephens Register in Laced', 'User Register', 1, 0, '2019-02-23 00:51:40', '2019-03-03 09:54:17'),
(354, NULL, 1, '168', 'User Register', 'Rapav Register in Laced', 'User Register', 1, 0, '2019-02-24 03:34:45', '2019-03-03 09:54:17'),
(355, NULL, 1, '169', 'User Register', 'lilblak3y Register in Laced', 'User Register', 1, 0, '2019-02-24 04:43:02', '2019-03-03 09:54:17'),
(356, NULL, 1, '170', 'User Register', 'Daniel Sciberras Register in Laced', 'User Register', 1, 0, '2019-02-25 00:38:16', '2019-03-03 09:54:17'),
(357, NULL, 1, '171', 'User Register', 'amirk Register in Laced', 'User Register', 1, 0, '2019-02-27 02:31:24', '2019-03-03 09:54:17'),
(358, NULL, 1, '172', 'User Register', 'hope Register in Laced', 'User Register', 1, 0, '2019-02-27 07:40:21', '2019-03-03 09:54:17'),
(359, NULL, 1, '173', 'User Register', 'sidneyfears Register in Laced', 'User Register', 1, 0, '2019-02-28 14:24:08', '2019-03-03 09:54:17'),
(360, NULL, 1, '174', 'User Register', 'Deovelo5 Register in Laced', 'User Register', 1, 0, '2019-03-01 16:23:23', '2019-03-03 09:54:17'),
(361, NULL, 1, '176', 'User Register', 'Perkeloubar Register in Laced', 'User Register', 1, 0, '2019-03-03 22:10:40', '2019-04-06 08:10:12'),
(362, NULL, 1, '177', 'User Register', 'chunk12 Register in Laced', 'User Register', 1, 0, '2019-03-04 08:35:48', '2019-04-06 08:10:12'),
(363, NULL, 1, '178', 'User Register', 'jonjen0808 Register in Laced', 'User Register', 1, 0, '2019-03-04 23:14:31', '2019-04-06 08:10:12'),
(364, 0, 1, '175', 'Product added', 'added Product', 'Product add', 1, 0, '2019-03-05 21:22:46', '2019-04-06 08:10:12'),
(365, 0, 1, '175', 'Product added', 'added Product', 'Product add', 1, 0, '2019-03-05 23:31:02', '2019-04-06 08:10:12'),
(366, NULL, 1, '181', 'User Register', 'RyBo Register in Laced', 'User Register', 1, 0, '2019-03-06 02:20:03', '2019-04-06 08:10:12'),
(367, 34, 0, '175', 'product approved', 'Your Added Item Accepted Successfully we get charge $40 when your product is sell Successfully.', '', 0, 0, '2019-03-06 04:19:45', '0000-00-00 00:00:00'),
(368, 34, 0, '175', 'product disapproved', 'Your Item Not Accepted.', '', 0, 0, '2019-03-06 04:19:54', '0000-00-00 00:00:00'),
(369, 34, 0, '175', 'product approved', 'Your Added Item Accepted Successfully we get charge $40 when your product is sell Successfully.', '', 0, 0, '2019-03-06 07:08:07', '0000-00-00 00:00:00'),
(370, 0, 1, '175', 'Product added', 'added Product', 'Product add', 1, 0, '2019-03-06 20:42:30', '2019-04-06 08:10:12'),
(371, 36, 0, '175', 'product approved', 'Your Added Item Accepted Successfully we get charge $50 when your product is sell Successfully.', '', 0, 0, '2019-03-06 14:44:58', '0000-00-00 00:00:00'),
(372, 0, 1, '175', 'Product added', 'added Product', 'Product add', 1, 0, '2019-03-06 20:54:19', '2019-04-06 08:10:12'),
(373, 0, 1, '175', 'Product added', 'added Product', 'Product add', 1, 0, '2019-03-06 20:56:04', '2019-04-06 08:10:12'),
(374, 0, 1, '175', 'Product added', 'added Product', 'Product add', 1, 0, '2019-03-06 21:22:01', '2019-04-06 08:10:12'),
(375, 0, 1, '175', 'Product added', 'added Product', 'Product add', 1, 0, '2019-03-06 21:23:09', '2019-04-06 08:10:12'),
(376, 0, 1, '175', 'Product added', 'added Product', 'Product add', 1, 0, '2019-03-06 21:25:16', '2019-04-06 08:10:12'),
(377, 0, 1, '175', 'Product added', 'added Product', 'Product add', 1, 0, '2019-03-06 21:26:46', '2019-04-06 08:10:12'),
(378, 0, 1, '175', 'Product added', 'added Product', 'Product add', 1, 0, '2019-03-06 21:28:04', '2019-04-06 08:10:12'),
(379, 42, 0, '175', 'product approved', 'Your Added Item Accepted Successfully we get charge $50 when your product is sell Successfully.', '', 0, 0, '2019-03-06 15:28:46', '0000-00-00 00:00:00'),
(380, 0, 1, '175', 'Product added', 'added Product', 'Product add', 1, 0, '2019-03-06 21:29:15', '2019-04-06 08:10:12'),
(381, 39, 0, '175', 'product approved', 'Your Added Item Accepted Successfully we get charge $30 when your product is sell Successfully.', '', 0, 0, '2019-03-06 15:29:51', '0000-00-00 00:00:00'),
(382, 0, 1, '175', 'Product added', 'added Product', 'Product add', 1, 0, '2019-03-06 21:30:43', '2019-04-06 08:10:12'),
(383, NULL, 1, '182', 'User Register', 'trickmystics81 Register in Laced', 'User Register', 1, 0, '2019-03-07 05:41:44', '2019-04-06 08:10:12'),
(384, 43, 0, '175', 'Auction Release Date', 'Your Auction Stating Date is - 2019-03-07 03:00 PM And End Date Is - 2019-03-15 01:30 PM', '', 0, 0, '2019-03-07 08:54:39', '0000-00-00 00:00:00'),
(385, 43, 0, '175', 'Auction Release Date', 'Your Auction Stating Date is - 2019-03-07 03:00 PM And End Date Is - 2019-03-15 01:30 PM', '', 0, 0, '2019-03-07 08:54:39', '0000-00-00 00:00:00'),
(386, 43, 0, '175', 'Auction Release Date', 'Your Auction Stating Date is - 2019-03-07 03:00 PM And End Date Is - 2019-03-15 01:30 PM', '', 0, 0, '2019-03-07 08:54:40', '0000-00-00 00:00:00'),
(387, 40, 0, '175', 'Auction Release Date', 'Your Auction Stating Date is - 2019-03-09 02:30 PM And End Date Is - 2019-03-15 01:00 PM', '', 0, 0, '2019-03-07 08:59:43', '0000-00-00 00:00:00'),
(388, NULL, 1, '183', 'User Register', 'dro.97 Register in Laced', 'User Register', 1, 0, '2019-03-07 21:36:28', '2019-04-06 08:10:12'),
(389, NULL, 1, '184', 'User Register', 'tomprice Register in Laced', 'User Register', 1, 0, '2019-03-08 21:40:17', '2019-04-06 08:10:12'),
(390, 0, 1, '175', 'Product added', 'added Product', 'Product add', 1, 0, '2019-03-08 22:49:06', '2019-04-06 08:10:12'),
(391, 0, 1, '175', 'Product added', 'added Product', 'Product add', 1, 0, '2019-03-08 22:49:17', '2019-04-06 08:10:12'),
(392, 0, 1, '175', 'Product added', 'added Product', 'Product add', 1, 0, '2019-03-08 22:49:28', '2019-04-06 08:10:12'),
(393, 0, 1, '175', 'Product added', 'added Product', 'Product add', 1, 0, '2019-03-09 15:32:18', '2019-04-06 08:10:12'),
(394, 0, 1, '175', 'Product added', 'added Product', 'Product add', 1, 0, '2019-03-09 15:33:32', '2019-04-06 08:10:12'),
(395, 0, 1, '175', 'Product added', 'added Product', 'Product add', 1, 0, '2019-03-09 15:34:41', '2019-04-06 08:10:12'),
(396, 0, 1, '175', 'Product added', 'added Product', 'Product add', 1, 0, '2019-03-09 15:36:28', '2019-04-06 08:10:12'),
(397, 52, 0, '175', 'product approved', 'Your Added Item Accepted Successfully we get charge $50 when your product is sell Successfully.', '', 0, 0, '2019-03-09 09:38:59', '0000-00-00 00:00:00'),
(398, 0, 1, '175', 'Product added', 'added Product', 'Product add', 1, 0, '2019-03-09 15:45:04', '2019-04-06 08:10:12'),
(399, 53, 0, '175', 'product approved', 'Your Added Item Accepted Successfully we get charge $100 when your product is sell Successfully.', '', 0, 0, '2019-03-09 09:46:02', '0000-00-00 00:00:00'),
(400, NULL, 1, '185', 'User Register', 'Treschert Register in Laced', 'User Register', 1, 0, '2019-03-11 14:17:22', '2019-04-06 08:10:12'),
(401, 0, 1, '179', 'Product added', 'added Product', 'Product add', 1, 0, '2019-03-11 20:35:11', '2019-04-06 08:10:12'),
(402, 54, 0, '179', 'Auction Release Date', 'Your Auction Stating Date is - 2019-03-11 07:15 PM And End Date Is - 2019-03-05 07:45 PM', '', 0, 0, '2019-03-11 15:37:05', '0000-00-00 00:00:00'),
(403, 54, 0, '179', 'product approved', 'Your Added Item Accepted Successfully we get charge $5 when your product is sell Successfully.', '', 0, 0, '2019-03-11 15:40:08', '0000-00-00 00:00:00'),
(404, NULL, 0, NULL, 'Raffle Release Date', 'Your Raffle Stating Date is - 2019-03-11 07:30 PM And End Date Is - 2019-03-11 08:00 PM', '', 0, 0, '2019-03-11 15:49:24', '0000-00-00 00:00:00'),
(405, NULL, 0, NULL, 'Raffle Release Date', 'Your Raffle Stating Date is - 2019-03-11 09:30 PM And End Date Is - 2019-03-11 10:00 PM', '', 0, 0, '2019-03-11 15:52:24', '0000-00-00 00:00:00'),
(406, NULL, 0, NULL, 'Raffle Release Date', 'Your Raffle Stating Date is - 2019-03-11 09:30 PM And End Date Is - 2019-03-11 10:00 PM', '', 0, 0, '2019-03-11 15:52:25', '0000-00-00 00:00:00'),
(407, NULL, 0, NULL, 'Raffle Release Date', 'Your Raffle Stating Date is - 2019-03-11 09:30 PM And End Date Is - 2019-03-11 10:00 PM', '', 0, 0, '2019-03-11 15:52:29', '0000-00-00 00:00:00'),
(408, 37, 0, '175', 'Auction Release Date', 'Your Auction Stating Date is - 2019-03-11 09:30 PM And End Date Is - 2019-03-15 08:00 PM', '', 0, 0, '2019-03-11 15:57:42', '0000-00-00 00:00:00'),
(409, 35, 0, '175', 'Auction Release Date', 'Your Auction Stating Date is - 2019-03-11 09:30 PM And End Date Is - 2019-03-20 08:00 PM', '', 0, 0, '2019-03-11 15:58:04', '0000-00-00 00:00:00'),
(410, 35, 0, '175', 'Auction Release Date', 'Your Auction Stating Date is - 2019-03-11 09:30 PM And End Date Is - 2019-03-20 08:00 PM', '', 0, 0, '2019-03-11 15:58:06', '0000-00-00 00:00:00'),
(411, 0, 1, '175', 'Product added', 'added Product', 'Product add', 1, 0, '2019-03-11 21:12:09', '2019-04-06 08:10:12'),
(412, 0, 1, '175', 'Product added', 'added Product', 'Product add', 1, 0, '2019-03-11 21:15:48', '2019-04-06 08:10:12'),
(413, NULL, 1, '186', 'User Register', 'nrubio24 Register in Laced', 'User Register', 1, 0, '2019-03-13 17:33:41', '2019-04-06 08:10:12'),
(414, 0, 1, '179', 'Product added', 'added Product', 'Product add', 1, 0, '2019-03-14 20:29:42', '2019-04-06 08:10:12'),
(415, 56, 0, '175', 'Auction Release Date', 'Your Auction Stating Date is - 2019-03-14 09:00 AM And End Date Is - 2019-03-17 07:30 PM', '', 0, 0, '2019-03-14 15:30:17', '0000-00-00 00:00:00'),
(416, 0, 1, '175', 'Product added', 'added Product', 'Product add', 1, 0, '2019-03-14 20:30:47', '2019-04-06 08:10:12'),
(417, 56, 0, '175', 'product approved', 'Your Added Item Accepted Successfully we get charge $1.8 when your product is sell Successfully.', '', 0, 0, '2019-03-14 15:30:48', '0000-00-00 00:00:00'),
(418, 58, 0, '175', 'Auction Release Date', 'Your Auction Stating Date is - 2019-03-15 09:00 AM And End Date Is - 2019-03-20 07:30 PM', '', 0, 0, '2019-03-14 15:46:32', '0000-00-00 00:00:00'),
(419, 58, 0, '175', 'product approved', 'Your Added Item Accepted Successfully we get charge $1.2 when your product is sell Successfully.', '', 0, 0, '2019-03-14 15:46:53', '0000-00-00 00:00:00'),
(420, 57, 0, '179', 'Auction Release Date', 'Your Auction Stating Date is - 2019-03-14 09:30 AM And End Date Is - 2019-03-14 09:30 PM', '', 0, 0, '2019-03-14 15:57:42', '0000-00-00 00:00:00'),
(421, NULL, 1, '187', 'User Register', 'ak7730 Register in Laced', 'User Register', 1, 0, '2019-03-15 15:40:24', '2019-04-06 08:10:12'),
(422, 0, 1, '1', 'Product added', 'added Product', 'Product add', 1, 0, '2019-03-15 16:10:57', '2019-04-06 08:10:12'),
(423, 0, 1, '1', 'Product added', 'added Product', 'Product add', 1, 0, '2019-03-15 16:11:58', '2019-04-06 08:10:12'),
(424, 60, 0, '1', 'Auction Release Date', 'Your Auction Stating Date is - 2019-03-15 01:00 PM And End Date Is - 2019-03-17 10:00 PM', '', 0, 0, '2019-03-15 11:33:04', '0000-00-00 00:00:00'),
(425, 60, 0, '1', 'product approved', 'Your Added Item Accepted Successfully we get charge $30 when your product is sell Successfully.', '', 0, 0, '2019-03-15 11:33:24', '0000-00-00 00:00:00'),
(426, 0, 1, '185', 'Product added', 'added Product', 'Product add', 1, 0, '2019-03-15 16:35:42', '2019-04-06 08:10:12'),
(427, 61, 0, '185', 'Auction Release Date', 'Your Auction Stating Date is - 2019-03-15 01:00 PM And End Date Is - 2019-03-15 10:00 PM', '', 0, 0, '2019-03-15 11:37:06', '0000-00-00 00:00:00'),
(428, 61, 0, '185', 'product approved', 'Your Added Item Accepted Successfully we get charge $30 when your product is sell Successfully.', '', 0, 0, '2019-03-15 11:37:22', '0000-00-00 00:00:00'),
(429, 60, 0, '175', 'Winner', 'You are Winner For Auction Product.', 'auction', 0, 0, '2019-03-16 03:46:01', '0000-00-00 00:00:00'),
(430, 60, 0, '1', 'Seller', 'Your Product Purchased Successfully.', 'auction', 0, 0, '2019-03-16 03:46:01', '0000-00-00 00:00:00'),
(431, 60, 0, '34', 'Winner', 'You are Winner For Auction Product.', 'auction', 0, 0, '2019-03-16 03:48:01', '0000-00-00 00:00:00'),
(432, 60, 0, '1', 'Seller', 'Your Product Purchased Successfully.', 'auction', 0, 0, '2019-03-16 03:48:01', '0000-00-00 00:00:00'),
(433, 60, 0, '34', 'Winner', 'You are Winner For Auction Product.', 'auction', 0, 0, '2019-03-16 04:10:24', '0000-00-00 00:00:00'),
(434, 60, 0, '1', 'Seller', 'Your Product Purchased Successfully.', 'auction', 0, 0, '2019-03-16 04:10:24', '0000-00-00 00:00:00'),
(435, 0, 1, '185', 'Product added', 'added Product', 'Product add', 1, 0, '2019-03-16 09:22:13', '2019-04-06 08:10:12'),
(436, 0, 1, '185', 'Product added', 'added Product', 'Product add', 1, 0, '2019-03-16 09:22:25', '2019-04-06 08:10:12'),
(437, 0, 1, '185', 'Product added', 'added Product', 'Product add', 1, 0, '2019-03-16 09:22:32', '2019-04-06 08:10:12'),
(438, 64, 0, '185', 'Auction Release Date', 'Your Auction Stating Date is - 2019-03-15 03:00 PM And End Date Is - 2019-03-15 08:30 PM', '', 0, 0, '2019-03-16 04:24:43', '0000-00-00 00:00:00'),
(439, 64, 0, '185', 'product approved', 'Your Added Item Accepted Successfully we get charge $30 when your product is sell Successfully.', '', 0, 0, '2019-03-16 04:25:00', '0000-00-00 00:00:00'),
(440, 63, 0, '185', 'Auction Release Date', 'Your Auction Stating Date is - 2019-03-16 07:00 AM And End Date Is - 2019-03-16 09:30 PM', '', 0, 0, '2019-03-16 04:25:25', '0000-00-00 00:00:00'),
(441, 63, 0, '185', 'product approved', 'Your Added Item Accepted Successfully we get charge $30 when your product is sell Successfully.', '', 0, 0, '2019-03-16 04:25:39', '0000-00-00 00:00:00'),
(442, 62, 0, '185', 'Auction Release Date', 'Your Auction Stating Date is - 2019-03-17 07:00 AM And End Date Is - 2019-03-20 09:30 PM', '', 0, 0, '2019-03-16 04:26:09', '0000-00-00 00:00:00'),
(443, 62, 0, '185', 'product approved', 'Your Added Item Accepted Successfully we get charge $30 when your product is sell Successfully.', '', 0, 0, '2019-03-16 04:26:24', '0000-00-00 00:00:00'),
(444, 0, 1, '179', 'Product added', 'added Product', 'Product add', 1, 0, '2019-03-16 09:46:51', '2019-04-06 08:10:12'),
(445, 0, 1, '179', 'Product added', 'added Product', 'Product add', 1, 0, '2019-03-16 09:49:51', '2019-04-06 08:10:12'),
(446, 65, 0, '179', 'Auction Release Date', 'Your Auction Stating Date is - 2019-03-16 07:00 AM And End Date Is - 2019-03-16 09:30 PM', '', 0, 0, '2019-03-16 04:49:59', '0000-00-00 00:00:00'),
(447, 65, 0, '179', 'product approved', 'Your Added Item Accepted Successfully we get charge $3 when your product is sell Successfully.', '', 0, 0, '2019-03-16 04:50:19', '0000-00-00 00:00:00'),
(448, 0, 1, '179', 'Product added', 'added Product', 'Product add', 1, 0, '2019-03-16 09:51:22', '2019-04-06 08:10:12'),
(449, 66, 0, '179', 'Auction Release Date', 'Your Auction Stating Date is - 2019-03-18 06:30 AM And End Date Is - 2019-03-20 10:00 PM', '', 0, 0, '2019-03-16 04:51:43', '0000-00-00 00:00:00'),
(450, 66, 0, '179', 'product approved', 'Your Added Item Accepted Successfully we get charge $3 when your product is sell Successfully.', '', 0, 0, '2019-03-16 04:51:59', '0000-00-00 00:00:00'),
(451, 67, 0, '179', 'Auction Release Date', 'Your Auction Stating Date is - 2019-03-15 07:30 AM And End Date Is - 2019-03-15 09:30 PM', '', 0, 0, '2019-03-16 04:53:07', '0000-00-00 00:00:00'),
(452, 67, 0, '179', 'product approved', 'Your Added Item Accepted Successfully we get charge $3 when your product is sell Successfully.', '', 0, 0, '2019-03-16 04:53:22', '0000-00-00 00:00:00'),
(453, 0, 1, '179', 'Product added', 'added Product', 'Product add', 1, 0, '2019-03-16 09:54:58', '2019-04-06 08:10:12'),
(454, 0, 1, '179', 'Product added', 'added Product', 'Product add', 1, 0, '2019-03-19 22:32:02', '2019-04-06 08:10:12'),
(455, 0, 1, '179', 'Product added', 'added Product', 'Product add', 1, 0, '2019-03-19 22:33:15', '2019-04-06 08:10:12'),
(456, 70, 0, '179', 'Auction Release Date', 'Your Auction Stating Date is - 2019-03-20 11:15 AM And End Date Is - 2019-03-20 09:45 PM', '', 0, 0, '2019-03-19 17:36:52', '0000-00-00 00:00:00'),
(457, 70, 0, '179', 'Auction Release Date', 'Your Auction Stating Date is - 2019-03-20 11:15 AM And End Date Is - 2019-03-20 09:45 PM', '', 0, 0, '2019-03-19 17:36:54', '0000-00-00 00:00:00'),
(458, 69, 0, '179', 'Auction Release Date', 'Your Auction Stating Date is - 2019-03-20 11:15 AM And End Date Is - 2019-03-21 09:45 PM', '', 0, 0, '2019-03-19 17:37:19', '0000-00-00 00:00:00'),
(459, 69, 0, '179', 'Auction Release Date', 'Your Auction Stating Date is - 2019-03-20 11:15 AM And End Date Is - 2019-03-21 09:45 PM', '', 0, 0, '2019-03-19 17:37:20', '0000-00-00 00:00:00'),
(460, 70, 0, '179', 'product approved', 'Your Added Item Accepted Successfully we get charge $6 when your product is sell Successfully.', '', 0, 0, '2019-03-19 17:37:46', '0000-00-00 00:00:00'),
(461, 0, 1, '179', 'Product added', 'added Product', 'Product add', 1, 0, '2019-03-19 22:47:38', '2019-04-06 08:10:12'),
(462, 71, 0, '179', 'Auction Release Date', 'Your Auction Stating Date is - 2019-03-19 11:00 PM And End Date Is - 2019-03-20 10:00 PM', '', 0, 0, '2019-03-19 17:48:19', '0000-00-00 00:00:00'),
(463, 71, 0, '179', 'product approved', 'Your Added Item Accepted Successfully we get charge $6 when your product is sell Successfully.', '', 0, 0, '2019-03-19 17:49:17', '0000-00-00 00:00:00'),
(464, 0, 1, '179', 'Product added', 'added Product', 'Product add', 1, 0, '2019-03-19 22:53:27', '2019-04-06 08:10:12'),
(465, 72, 0, '179', 'Auction Release Date', 'Your Auction Stating Date is - 2019-03-19 11:30 PM And End Date Is - 2019-03-19 10:15 PM', '', 0, 0, '2019-03-19 17:54:00', '0000-00-00 00:00:00'),
(466, 72, 0, '179', 'Auction Release Date', 'Your Auction Stating Date is - 2019-03-19 11:30 PM And End Date Is - 2019-03-19 10:15 PM', '', 0, 0, '2019-03-19 17:54:02', '0000-00-00 00:00:00'),
(467, 72, 0, '179', 'product approved', 'Your Added Item Accepted Successfully we get charge $6 when your product is sell Successfully.', '', 0, 0, '2019-03-20 04:07:06', '0000-00-00 00:00:00'),
(468, 0, 1, '175', 'Product added', 'added Product', 'Product add', 1, 0, '2019-03-20 09:44:58', '2019-04-06 08:10:12'),
(469, 0, 1, '179', 'Product added', 'added Product', 'Product add', 1, 0, '2019-03-21 08:47:44', '2019-04-06 08:10:12'),
(470, 74, 0, '179', 'Auction Release Date', 'Your Auction Stating Date is - 2019-03-19 08:00 AM And End Date Is - 2019-03-25 09:30 PM', '', 0, 0, '2019-03-21 03:54:14', '0000-00-00 00:00:00'),
(471, 74, 0, '179', 'product approved', 'Your Added Item Accepted Successfully we get charge $6 when your product is sell Successfully.', '', 0, 0, '2019-03-21 03:54:28', '0000-00-00 00:00:00'),
(472, 0, 1, '179', 'Product added', 'added Product', 'Product add', 1, 0, '2019-03-26 20:29:43', '2019-04-06 08:10:12'),
(473, 0, 1, '179', 'Product added', 'added Product', 'Product add', 1, 0, '2019-03-26 20:42:58', '2019-04-06 08:10:12'),
(474, 75, 0, '179', 'product approved', 'Your Added Item Accepted Successfully we get charge $0 when your product is sell Successfully.', '', 0, 0, '2019-03-26 15:44:18', '0000-00-00 00:00:00'),
(475, 76, 0, '179', 'product approved', 'Your Added Item Accepted Successfully we get charge $0 when your product is sell Successfully.', '', 0, 0, '2019-03-27 10:06:41', '0000-00-00 00:00:00'),
(476, 0, 1, '179', 'Product added', 'added Product', 'Product add', 1, 0, '2019-03-29 21:27:12', '2019-04-06 08:10:12'),
(477, 77, 0, '179', 'product approved', 'Your Added Item Accepted Successfully we get charge $0 when your product is sell Successfully.', '', 0, 0, '2019-03-29 16:29:46', '0000-00-00 00:00:00'),
(478, 0, 1, '179', 'Product added', 'added Product', 'Product add', 1, 0, '2019-04-09 19:45:28', '2019-04-09 16:02:30'),
(479, 0, 1, '175', 'Product added', 'added Product', 'Product add', 1, 0, '2019-04-09 20:36:13', '2019-04-09 16:02:30'),
(480, 79, 0, '175', 'product approved', 'Your Added Item Accepted Successfully we get charge $6 when your product is sell Successfully.', '', 0, 0, '2019-04-09 15:37:52', '0000-00-00 00:00:00'),
(481, 0, 1, '179', 'Product added', 'added Product', 'Product add', 1, 0, '2019-04-22 20:54:11', '2019-04-23 12:33:57'),
(482, 80, 0, '179', 'product approved', 'Your Added Item Accepted Successfully we get charge $7.5 when your product is sell Successfully.', '', 0, 0, '2019-04-22 15:58:13', '0000-00-00 00:00:00'),
(483, NULL, 1, '188', 'User Register', 'Desai Register in Laced', 'User Register', 1, 0, '2019-04-23 15:05:59', '2019-04-23 12:33:57'),
(484, 0, 1, '188', 'Product added', 'added Product', 'Product add', 1, 0, '2019-04-23 15:26:42', '2019-04-23 12:33:57'),
(485, 81, 0, '188', 'product approved', 'Your Added Item Accepted Successfully we get charge $6 when your product is sell Successfully.', '', 0, 0, '2019-04-23 10:27:29', '0000-00-00 00:00:00'),
(486, NULL, 1, '189', 'User Register', 'jiteshDesai Register in Laced', 'User Register', 1, 0, '2019-04-23 15:29:38', '2019-04-23 12:33:57'),
(487, 0, 1, '189', 'Product added', 'added Product', 'Product add', 1, 0, '2019-04-23 15:37:45', '2019-04-23 12:33:57'),
(488, 82, 0, '189', 'product approved', 'Your Added Item Accepted Successfully we get charge $6 when your product is sell Successfully.', '', 0, 0, '2019-04-23 10:38:09', '0000-00-00 00:00:00'),
(489, 0, 1, '189', 'Product added', 'added Product', 'Product add', 1, 0, '2019-04-23 15:50:43', '2019-04-23 12:33:57'),
(490, 83, 0, '189', 'product approved', 'Your Added Item Accepted Successfully we get charge $6 when your product is sell Successfully.', '', 0, 0, '2019-04-23 10:51:54', '0000-00-00 00:00:00'),
(491, 69, 0, '179', 'product approved', 'Your Added Item Accepted Successfully we get charge $6 when your product is sell Successfully.', '', 0, 0, '2019-04-23 10:56:13', '0000-00-00 00:00:00'),
(492, 0, 1, '189', 'Product added', 'added Product', 'Product add', 1, 0, '2019-04-23 15:57:42', '2019-04-23 12:33:57'),
(493, 68, 0, '179', 'product approved', 'Your Added Item Accepted Successfully we get charge $0 when your product is sell Successfully.', '', 0, 0, '2019-04-23 11:04:43', '0000-00-00 00:00:00'),
(494, 84, 0, '189', 'product approved', 'Your Added Item Accepted Successfully we get charge $0 when your product is sell Successfully.', '', 0, 0, '2019-04-23 11:05:00', '0000-00-00 00:00:00'),
(495, 45, 0, '175', 'product approved', 'Your Added Item Accepted Successfully we get charge $0 when your product is sell Successfully.', '', 0, 0, '2019-04-23 11:05:23', '0000-00-00 00:00:00'),
(496, 44, 0, '175', 'product approved', 'Your Added Item Accepted Successfully we get charge $0 when your product is sell Successfully.', '', 0, 0, '2019-04-23 11:05:37', '0000-00-00 00:00:00'),
(497, 38, 0, '175', 'product approved', 'Your Added Item Accepted Successfully we get charge $0 when your product is sell Successfully.', '', 0, 0, '2019-04-23 11:06:20', '0000-00-00 00:00:00'),
(498, NULL, 1, '190', 'User Register', 'ErJiteshDesai Register in Laced', 'User Register', 1, 0, '2019-04-23 11:23:20', '2019-04-23 12:33:57'),
(499, 0, 1, '190', 'Product added', 'added Product', 'Product add', 1, 0, '2019-04-23 11:30:18', '2019-04-23 12:33:57'),
(500, 85, 0, '190', 'product approved', 'Your Added Item Accepted Successfully we get charge $0 when your product is sell Successfully.', '', 0, 0, '2019-04-23 11:30:41', '0000-00-00 00:00:00'),
(501, 41, 0, '175', 'product approved', 'Your Added Item Accepted Successfully we get charge $0 when your product is sell Successfully.', '', 0, 0, '2019-04-23 11:30:57', '0000-00-00 00:00:00'),
(502, 0, 1, '190', 'Product added', 'added Product', 'Product add', 1, 0, '2019-04-23 11:32:15', '2019-04-23 12:33:57'),
(503, 86, 0, '190', 'product approved', 'Your Added Item Accepted Successfully we get charge $6 when your product is sell Successfully.', '', 0, 0, '2019-04-23 11:33:06', '0000-00-00 00:00:00'),
(504, 83, 0, '189', 'Auction Release Date', 'Your Auction Stating Date is - 2019-04-22 01:00 PM And End Date Is - 2019-04-22 09:30 PM', '', 0, 0, '2019-04-23 11:35:09', '0000-00-00 00:00:00'),
(505, 0, 1, '190', 'Product added', 'added Product', 'Product add', 1, 0, '2019-04-23 11:35:15', '2019-04-23 12:33:57'),
(506, 86, 0, '190', 'Auction Release Date', 'Your Auction Stating Date is - 2019-04-24 01:00 PM And End Date Is - 2019-04-24 09:30 PM', '', 0, 0, '2019-04-23 11:37:10', '0000-00-00 00:00:00'),
(507, 57, 0, '179', 'product approved', 'Your Added Item Accepted Successfully we get charge $1.2 when your product is sell Successfully.', '', 0, 0, '2019-04-23 11:37:28', '0000-00-00 00:00:00'),
(508, 87, 0, '190', 'product approved', 'Your Added Item Accepted Successfully we get charge $6 when your product is sell Successfully.', '', 0, 0, '2019-04-23 11:38:51', '0000-00-00 00:00:00'),
(509, NULL, 0, NULL, 'Raffle Release Date', 'Your Raffle Stating Date is - 2019-04-23 12:00 AM And End Date Is - 2019-04-23 10:30 PM', '', 0, 0, '2019-04-23 12:36:15', '0000-00-00 00:00:00'),
(510, NULL, 0, NULL, 'Contest Release Date', 'Your Contest Stating Date is - 2019-04-24 12:00 AM And End Date Is - 2019-04-24 10:30 PM', '', 0, 0, '2019-04-23 12:38:58', '0000-00-00 00:00:00');

-- --------------------------------------------------------

--
-- Table structure for table `other_item_image`
--

CREATE TABLE `other_item_image` (
  `Other_Item_Image_Id` int(11) NOT NULL,
  `Item_Id` int(11) DEFAULT NULL,
  `Other_Image` varchar(255) DEFAULT NULL,
  `created` timestamp NOT NULL DEFAULT CURRENT_TIMESTAMP,
  `modified` timestamp NOT NULL DEFAULT '0000-00-00 00:00:00' ON UPDATE CURRENT_TIMESTAMP
) ENGINE=InnoDB DEFAULT CHARSET=latin1;

--
-- Dumping data for table `other_item_image`
--

INSERT INTO `other_item_image` (`Other_Item_Image_Id`, `Item_Id`, `Other_Image`, `created`, `modified`) VALUES
(1, 24, '278090483e72874122a43679e98b6a27f8d41211b5b90c3a1b4b64.png', '2018-09-04 10:29:30', '2018-09-06 06:05:23'),
(2, 27, '11686042031d45574c22efa0cdf5baa47a485880315b8e1d4cc68d5.png', '2018-09-04 10:51:08', '0000-00-00 00:00:00'),
(3, 27, '11686042031d45574c22efa0cdf5baa47a485880315b8e1d4cc68d5.png', '2018-09-04 10:51:08', '0000-00-00 00:00:00'),
(5, 26, '1291207292a3bd47e210374700a02a571fe71b1c9c5b8e7e1571c4c.jpeg', '2018-09-04 17:44:05', '0000-00-00 00:00:00'),
(21, 26, '1531183179ddde0b592a486cbe2509f786b3fa6a565b90c2f8a1035.png', '2018-09-06 08:40:27', '2018-09-06 06:02:34'),
(23, 24, '69112008237b875c4d0d314cabe748b626f553e365b90c37053a05.png', '2018-09-06 10:13:38', '2018-09-06 06:04:34'),
(24, 24, '1186018246add7bda70d44a090450c9a3d1961380f5b90c3454578a.png', '2018-09-06 10:16:28', '2018-09-06 06:03:50'),
(25, 26, '1465549886128aa4e17d0c8577bbff80eddb70bf015b90c665d5562.png', '2018-09-06 11:16:00', '2018-09-06 06:17:12');

-- --------------------------------------------------------

--
-- Table structure for table `policy`
--

CREATE TABLE `policy` (
  `P_Id` int(11) NOT NULL,
  `Admin_Id` int(11) DEFAULT NULL,
  `policy` text,
  `created` datetime DEFAULT NULL,
  `modified` datetime DEFAULT NULL
) ENGINE=MyISAM DEFAULT CHARSET=latin1;

--
-- Dumping data for table `policy`
--

INSERT INTO `policy` (`P_Id`, `Admin_Id`, `policy`, `created`, `modified`) VALUES
(1, 1, '<div><b>no one can payment method will be used from our side all the things will be cleared from the our side.</b></div><div><b>ok fine updated policy woorking good<br></b></div><br>', '2018-06-07 17:31:05', '2018-06-09 20:26:31');

-- --------------------------------------------------------

--
-- Table structure for table `product_commission`
--

CREATE TABLE `product_commission` (
  `Pc_Id` int(11) NOT NULL,
  `User_Id` int(11) DEFAULT NULL,
  `Item_Id` int(11) DEFAULT NULL,
  `product_price` varchar(50) DEFAULT NULL COMMENT 'selling price',
  `product_commission_rate` varchar(50) DEFAULT NULL COMMENT 'rate table of product_commission_charge',
  `product_commission` varchar(50) DEFAULT NULL COMMENT 'count commission (product price x rate / 100) = commission',
  `created` datetime DEFAULT NULL,
  `modified` datetime DEFAULT NULL,
  `option1` text,
  `option2` text,
  `option3` text
) ENGINE=MyISAM DEFAULT CHARSET=latin1;

--
-- Dumping data for table `product_commission`
--

INSERT INTO `product_commission` (`Pc_Id`, `User_Id`, `Item_Id`, `product_price`, `product_commission_rate`, `product_commission`, `created`, `modified`, `option1`, `option2`, `option3`) VALUES
(5, 5, 54, '500', '10', '50', '2018-06-23 21:20:25', NULL, NULL, NULL, NULL),
(4, 1, 45, '1000', '10', '100', '2018-06-19 03:44:41', NULL, NULL, NULL, NULL),
(6, 9, 96, '20', '10', '2', '2018-07-09 11:51:30', NULL, NULL, NULL, NULL),
(7, 16, 97, '0', '10', '0', '2018-07-12 03:24:51', NULL, NULL, NULL, NULL),
(8, 7, 91, '0', '10', '0', '2018-07-12 03:25:40', NULL, NULL, NULL, NULL),
(9, 16, 83, '0', '10', '0', '2018-07-12 03:25:48', NULL, NULL, NULL, NULL),
(10, 16, 81, '0', '10', '0', '2018-07-12 03:25:57', NULL, NULL, NULL, NULL),
(11, 11, 92, '0', '10', '0', '2018-07-12 03:34:09', NULL, NULL, NULL, NULL),
(12, 11, 106, '200', '10', '20', '2018-07-24 00:22:50', NULL, NULL, NULL, NULL),
(13, 16, 80, '799', '10', '79.9', '2018-07-24 05:00:15', NULL, NULL, NULL, NULL),
(14, 16, 86, '999', '10', '99.9', '2018-07-24 05:00:35', NULL, NULL, NULL, NULL),
(15, 50, 107, '0', '10', '0', '2018-07-25 08:07:44', NULL, NULL, NULL, NULL),
(16, 2, 1, '280', '10', '28', '2018-07-27 04:48:28', NULL, NULL, NULL, NULL),
(17, 1, 2, '0', '10', '0', '2018-07-27 04:49:35', NULL, NULL, NULL, NULL),
(18, 2, 3, '100', '10', '10', '2018-07-27 05:06:01', NULL, NULL, NULL, NULL),
(19, 2, 8, '326', '10', '32.6', '2018-07-28 04:32:32', NULL, NULL, NULL, NULL),
(20, 2, 8, '326', '10', '32.6', '2018-07-28 04:32:50', NULL, NULL, NULL, NULL),
(21, 2, 7, '745', '10', '74.5', '2018-07-28 04:34:07', NULL, NULL, NULL, NULL),
(22, 2, 7, '745', '10', '74.5', '2018-07-28 04:34:15', NULL, NULL, NULL, NULL),
(23, 1, 6, '500', '10', '50', '2018-07-28 04:34:27', NULL, NULL, NULL, NULL),
(24, 2, 5, '126', '10', '12.6', '2018-07-28 04:34:35', NULL, NULL, NULL, NULL),
(25, 2, 4, '235', '10', '23.5', '2018-07-28 04:34:41', NULL, NULL, NULL, NULL),
(26, 1, 9, '50', '10', '5', '2018-07-28 04:35:46', NULL, NULL, NULL, NULL),
(27, 2, 8, '326', '10', '32.6', '2018-07-28 04:41:05', NULL, NULL, NULL, NULL),
(28, 1, 2, '0', '10', '0', '2018-07-28 04:43:36', NULL, NULL, NULL, NULL),
(29, 2, 7, '745', '10', '74.5', '2018-07-28 04:53:15', NULL, NULL, NULL, NULL),
(30, 2, 7, '745', '10', '74.5', '2018-07-28 04:56:44', NULL, NULL, NULL, NULL),
(31, 2, 7, '745', '10', '74.5', '2018-07-28 04:59:18', NULL, NULL, NULL, NULL),
(32, 2, 7, '745', '10', '74.5', '2018-07-28 05:13:33', NULL, NULL, NULL, NULL),
(33, 2, 7, '745', '10', '74.5', '2018-07-28 05:17:46', NULL, NULL, NULL, NULL),
(34, 2, 7, '745', '10', '74.5', '2018-07-28 05:22:03', NULL, NULL, NULL, NULL),
(35, 2, 7, '745', '10', '74.5', '2018-07-28 05:25:41', NULL, NULL, NULL, NULL),
(36, 2, 7, '745', '10', '74.5', '2018-07-28 05:31:46', NULL, NULL, NULL, NULL),
(37, 1, 9, '50', '10', '5', '2018-07-28 05:32:31', NULL, NULL, NULL, NULL),
(38, 1, 9, '50', '10', '5', '2018-07-28 05:33:09', NULL, NULL, NULL, NULL),
(39, 2, 7, '745', '10', '74.5', '2018-07-28 05:35:36', NULL, NULL, NULL, NULL),
(40, 1, 6, '500', '10', '50', '2018-07-28 05:36:53', NULL, NULL, NULL, NULL),
(41, 2, 8, '326', '10', '32.6', '2018-07-28 06:07:20', NULL, NULL, NULL, NULL),
(42, 2, 8, '326', '10', '32.6', '2018-07-28 07:27:03', NULL, NULL, NULL, NULL),
(43, 2, 3, '100', '10', '10', '2018-07-30 04:37:44', NULL, NULL, NULL, NULL),
(44, 1, 9, '50', '10', '5', '2018-07-30 04:49:54', NULL, NULL, NULL, NULL),
(45, 1, 10, '500', '10', '50', '2018-07-30 05:54:32', NULL, NULL, NULL, NULL),
(46, 1, 10, '500', '10', '50', '2018-07-30 05:57:08', NULL, NULL, NULL, NULL),
(47, 1, 10, '500', '10', '50', '2018-07-30 05:57:56', NULL, NULL, NULL, NULL),
(48, 1, 10, '500', '10', '50', '2018-07-30 06:01:23', NULL, NULL, NULL, NULL),
(49, 1, 10, '500', '10', '50', '2018-07-30 06:01:33', NULL, NULL, NULL, NULL),
(50, 1, 10, '500', '10', '50', '2018-07-30 06:03:21', NULL, NULL, NULL, NULL),
(51, 1, 10, '500', '10', '50', '2018-07-30 06:04:06', NULL, NULL, NULL, NULL),
(52, 1, 10, '500', '10', '50', '2018-07-30 06:04:33', NULL, NULL, NULL, NULL),
(53, 1, 10, '500', '10', '50', '2018-07-30 06:06:04', NULL, NULL, NULL, NULL),
(54, 1, 10, '500', '10', '50', '2018-07-30 06:07:10', NULL, NULL, NULL, NULL),
(55, 1, 10, '500', '10', '50', '2018-07-30 06:07:14', NULL, NULL, NULL, NULL),
(56, 1, 10, '500', '10', '50', '2018-07-30 06:09:43', NULL, NULL, NULL, NULL),
(57, 1, 10, '500', '10', '50', '2018-07-30 06:09:56', NULL, NULL, NULL, NULL),
(58, 1, 10, '500', '10', '50', '2018-07-30 06:10:44', NULL, NULL, NULL, NULL),
(59, 1, 10, '500', '10', '50', '2018-07-30 06:11:02', NULL, NULL, NULL, NULL),
(60, 1, 10, '500', '10', '50', '2018-07-30 06:13:03', NULL, NULL, NULL, NULL),
(61, 1, 10, '500', '10', '50', '2018-07-30 06:14:47', NULL, NULL, NULL, NULL),
(62, 1, 10, '500', '10', '50', '2018-07-30 06:15:55', NULL, NULL, NULL, NULL),
(63, 1, 10, '500', '10', '50', '2018-07-30 06:17:10', NULL, NULL, NULL, NULL),
(64, 1, 10, '500', '10', '50', '2018-07-30 06:17:31', NULL, NULL, NULL, NULL),
(65, 1, 10, '500', '10', '50', '2018-07-30 06:19:21', NULL, NULL, NULL, NULL),
(66, 1, 10, '500', '10', '50', '2018-07-30 06:20:35', NULL, NULL, NULL, NULL),
(67, 1, 10, '500', '10', '50', '2018-07-30 06:21:32', NULL, NULL, NULL, NULL),
(68, 1, 10, '500', '10', '50', '2018-07-30 06:22:28', NULL, NULL, NULL, NULL),
(69, 1, 10, '500', '10', '50', '2018-07-30 06:22:50', NULL, NULL, NULL, NULL),
(70, 1, 10, '500', '10', '50', '2018-07-30 06:23:24', NULL, NULL, NULL, NULL),
(71, 1, 10, '500', '10', '50', '2018-07-30 06:24:40', NULL, NULL, NULL, NULL),
(72, 1, 10, '500', '10', '50', '2018-07-30 06:25:10', NULL, NULL, NULL, NULL),
(73, 2, 3, '100', '10', '10', '2018-07-30 06:30:55', NULL, NULL, NULL, NULL),
(74, 2, 3, '100', '10', '10', '2018-07-30 06:35:55', NULL, NULL, NULL, NULL),
(75, 2, 3, '100', '10', '10', '2018-07-30 06:36:40', NULL, NULL, NULL, NULL),
(76, 2, 3, '100', '10', '10', '2018-07-30 06:37:04', NULL, NULL, NULL, NULL),
(77, 2, 3, '100', '10', '10', '2018-07-30 06:37:34', NULL, NULL, NULL, NULL),
(78, 2, 3, '100', '10', '10', '2018-07-30 06:37:50', NULL, NULL, NULL, NULL),
(79, 2, 3, '100', '10', '10', '2018-07-30 06:38:18', NULL, NULL, NULL, NULL),
(80, 2, 3, '100', '10', '10', '2018-07-30 06:38:25', NULL, NULL, NULL, NULL),
(81, 2, 3, '100', '10', '10', '2018-07-30 06:38:34', NULL, NULL, NULL, NULL),
(82, 1, 10, '500', '10', '50', '2018-07-30 06:39:13', NULL, NULL, NULL, NULL),
(83, 1, 10, '500', '10', '50', '2018-07-30 06:39:18', NULL, NULL, NULL, NULL),
(84, 1, 10, '500', '10', '50', '2018-07-30 06:39:27', NULL, NULL, NULL, NULL),
(85, 1, 10, '500', '10', '50', '2018-07-30 06:41:10', NULL, NULL, NULL, NULL),
(86, 1, 10, '500', '10', '50', '2018-07-30 06:42:47', NULL, NULL, NULL, NULL),
(87, 1, 10, '500', '10', '50', '2018-07-30 06:44:04', NULL, NULL, NULL, NULL),
(88, 1, 10, '500', '10', '50', '2018-07-30 06:44:49', NULL, NULL, NULL, NULL),
(89, 1, 10, '500', '10', '50', '2018-07-30 06:45:38', NULL, NULL, NULL, NULL),
(90, 1, 10, '500', '10', '50', '2018-07-30 06:46:14', NULL, NULL, NULL, NULL),
(91, 1, 10, '500', '10', '50', '2018-07-30 06:46:35', NULL, NULL, NULL, NULL),
(92, 1, 10, '500', '10', '50', '2018-07-30 06:50:57', NULL, NULL, NULL, NULL),
(93, 1, 10, '500', '10', '50', '2018-07-30 07:07:27', NULL, NULL, NULL, NULL),
(94, 1, 10, '500', '10', '50', '2018-07-30 07:08:02', NULL, NULL, NULL, NULL),
(95, 1, 10, '500', '10', '50', '2018-07-30 07:09:07', NULL, NULL, NULL, NULL),
(96, 1, 10, '500', '10', '50', '2018-07-30 07:10:05', NULL, NULL, NULL, NULL),
(97, 1, 10, '500', '10', '50', '2018-07-30 07:10:29', NULL, NULL, NULL, NULL),
(98, 1, 10, '500', '10', '50', '2018-07-30 07:12:19', NULL, NULL, NULL, NULL),
(99, 1, 10, '500', '10', '50', '2018-07-30 07:12:33', NULL, NULL, NULL, NULL),
(100, 2, 3, '100', '10', '10', '2018-07-30 07:13:21', NULL, NULL, NULL, NULL),
(101, 2, 3, '100', '10', '10', '2018-07-30 07:13:42', NULL, NULL, NULL, NULL),
(102, 2, 3, '100', '10', '10', '2018-07-30 07:16:37', NULL, NULL, NULL, NULL),
(103, 2, 3, '100', '10', '10', '2018-07-30 07:17:14', NULL, NULL, NULL, NULL),
(104, 2, 3, '100', '10', '10', '2018-07-30 07:17:16', NULL, NULL, NULL, NULL),
(105, 2, 3, '100', '10', '10', '2018-07-30 07:17:40', NULL, NULL, NULL, NULL),
(106, 2, 3, '100', '10', '10', '2018-07-30 07:17:51', NULL, NULL, NULL, NULL),
(107, 2, 3, '100', '10', '10', '2018-07-30 07:18:10', NULL, NULL, NULL, NULL),
(108, 1, 10, '500', '10', '50', '2018-07-30 07:18:42', NULL, NULL, NULL, NULL),
(109, 1, 10, '500', '10', '50', '2018-07-30 07:19:46', NULL, NULL, NULL, NULL),
(110, 1, 10, '500', '10', '50', '2018-07-30 07:21:10', NULL, NULL, NULL, NULL),
(111, 1, 10, '500', '10', '50', '2018-07-30 07:21:58', NULL, NULL, NULL, NULL),
(112, 1, 10, '500', '10', '50', '2018-07-30 07:22:04', NULL, NULL, NULL, NULL),
(113, 1, 10, '500', '10', '50', '2018-07-30 07:22:12', NULL, NULL, NULL, NULL),
(114, 1, 10, '500', '10', '50', '2018-07-30 07:22:53', NULL, NULL, NULL, NULL),
(115, 1, 10, '500', '10', '50', '2018-07-30 07:23:05', NULL, NULL, NULL, NULL),
(116, 1, 10, '500', '10', '50', '2018-07-30 07:23:48', NULL, NULL, NULL, NULL),
(117, 1, 10, '500', '10', '50', '2018-07-30 07:24:14', NULL, NULL, NULL, NULL),
(118, 1, 10, '500', '10', '50', '2018-07-30 07:24:47', NULL, NULL, NULL, NULL),
(119, 2, 3, '100', '10', '10', '2018-07-30 07:25:01', NULL, NULL, NULL, NULL),
(120, 1, 10, '500', '10', '50', '2018-07-30 07:26:58', NULL, NULL, NULL, NULL),
(121, 1, 10, '500', '10', '50', '2018-07-30 07:28:58', NULL, NULL, NULL, NULL),
(122, 1, 10, '500', '10', '50', '2018-07-30 07:30:27', NULL, NULL, NULL, NULL),
(123, 1, 10, '500', '10', '50', '2018-07-30 07:32:18', NULL, NULL, NULL, NULL),
(124, 1, 10, '500', '10', '50', '2018-07-30 07:33:42', NULL, NULL, NULL, NULL),
(125, 1, 10, '500', '10', '50', '2018-07-30 07:34:04', NULL, NULL, NULL, NULL),
(126, 1, 10, '500', '10', '50', '2018-07-30 07:35:40', NULL, NULL, NULL, NULL),
(127, 1, 10, '500', '10', '50', '2018-07-30 07:36:46', NULL, NULL, NULL, NULL),
(128, 2, 11, '0', '10', '0', '2018-07-30 07:49:55', NULL, NULL, NULL, NULL),
(129, 2, 11, '0', '10', '0', '2018-07-30 07:50:56', NULL, NULL, NULL, NULL),
(130, 2, 12, '445', '10', '44.5', '2018-07-31 04:44:59', NULL, NULL, NULL, NULL),
(131, 1, 13, '0', '10', '0', '2018-07-31 05:20:45', NULL, NULL, NULL, NULL),
(132, 1, 10, '500', '10', '50', '2018-07-31 05:29:44', NULL, NULL, NULL, NULL),
(133, 1, 10, '500', '10', '50', '2018-08-01 05:16:52', NULL, NULL, NULL, NULL),
(134, 1, 16, '0', '10', '0', '2018-08-03 01:47:24', NULL, NULL, NULL, NULL),
(135, 2, 15, '125', '10', '12.5', '2018-08-03 02:26:06', NULL, NULL, NULL, NULL),
(136, 2, 14, '580', '10', '58', '2018-08-03 02:29:52', NULL, NULL, NULL, NULL),
(137, 1, 10, '500', '10', '50', '2018-08-03 03:51:21', NULL, NULL, NULL, NULL),
(138, 2, 18, '122', '10', '12.2', '2018-08-06 06:07:12', NULL, NULL, NULL, NULL),
(139, 2, 18, '122', '10', '12.2', '2018-08-06 06:07:37', NULL, NULL, NULL, NULL),
(140, 1, 17, '0', '10', '0', '2018-08-06 06:55:37', NULL, NULL, NULL, NULL),
(141, 1, 17, '0', '10', '0', '2018-08-20 21:50:44', NULL, NULL, NULL, NULL),
(142, 2, 20, '122', '10', '12.2', '2018-08-22 01:33:22', NULL, NULL, NULL, NULL),
(143, 3, 22, '300', '10', '30', '2018-08-26 13:26:57', NULL, NULL, NULL, NULL),
(144, 3, 22, '300', '10', '30', '2018-08-26 13:27:46', NULL, NULL, NULL, NULL),
(145, 3, 22, '300', '10', '30', '2018-08-26 13:28:10', NULL, NULL, NULL, NULL),
(146, 3, 22, '300', '10', '30', '2018-08-29 02:05:07', NULL, NULL, NULL, NULL),
(147, 3, 22, '300', '10', '30', '2018-08-29 02:08:23', NULL, NULL, NULL, NULL),
(148, 3, 22, '300', '10', '30', '2018-08-29 02:10:32', NULL, NULL, NULL, NULL),
(149, 1, 23, '500', '10', '50', '2018-08-29 02:21:03', NULL, NULL, NULL, NULL),
(150, 1, 23, '500', '10', '50', '2018-08-29 02:21:36', NULL, NULL, NULL, NULL),
(151, 1, 24, '350', '10', '35', '2018-08-29 03:38:23', NULL, NULL, NULL, NULL),
(152, 3, 26, '350', '10', '35', '2018-09-02 22:13:40', NULL, NULL, NULL, NULL),
(153, 2, 29, '430', '10', '43', '2018-09-13 23:29:01', NULL, NULL, NULL, NULL),
(154, 2, 30, '300', '10', '30', '2018-09-14 00:22:40', NULL, NULL, NULL, NULL),
(155, 3, 31, '300', '10', '30', '2018-09-14 10:13:28', NULL, NULL, NULL, NULL),
(156, 34, 32, '400', '10', '40', '2018-09-14 10:27:40', NULL, NULL, NULL, NULL),
(157, 3, 33, '5', '10', '0.5', '2018-09-14 10:33:30', NULL, NULL, NULL, NULL),
(158, 175, 34, '400', '10', '40', '2019-03-05 22:19:45', NULL, NULL, NULL, NULL),
(159, 175, 34, '400', '10', '40', '2019-03-06 01:08:06', NULL, NULL, NULL, NULL),
(160, 175, 36, '500', '10', '50', '2019-03-06 08:44:23', NULL, NULL, NULL, NULL),
(161, 175, 36, '500', '10', '50', '2019-03-06 08:44:58', NULL, NULL, NULL, NULL),
(162, 175, 42, '500', '10', '50', '2019-03-06 09:28:46', NULL, NULL, NULL, NULL),
(163, 175, 39, '300', '10', '30', '2019-03-06 09:29:51', NULL, NULL, NULL, NULL),
(164, 175, 45, '0', '10', '0', '2019-03-06 09:38:31', NULL, NULL, NULL, NULL),
(165, 175, 44, '0', '10', '0', '2019-03-06 09:41:24', NULL, NULL, NULL, NULL),
(166, 175, 45, '0', '10', '0', '2019-03-06 21:04:21', NULL, NULL, NULL, NULL),
(167, 175, 52, '500', '10', '50', '2019-03-09 03:38:59', NULL, NULL, NULL, NULL),
(168, 175, 53, '1000', '10', '100', '2019-03-09 03:46:02', NULL, NULL, NULL, NULL),
(169, 179, 54, '50', '10', '5', '2019-03-11 10:35:44', NULL, NULL, NULL, NULL),
(170, 175, 43, '200', '10', '20', '2019-03-11 10:37:55', NULL, NULL, NULL, NULL),
(171, 175, 43, '200', '10', '20', '2019-03-11 10:38:19', NULL, NULL, NULL, NULL),
(172, 179, 54, '50', '10', '5', '2019-03-11 10:38:39', NULL, NULL, NULL, NULL),
(173, 179, 54, '50', '10', '5', '2019-03-11 10:39:04', NULL, NULL, NULL, NULL),
(174, 179, 54, '50', '10', '5', '2019-03-11 10:40:08', NULL, NULL, NULL, NULL),
(175, 175, 35, '100', '10', '10', '2019-03-11 10:58:19', NULL, NULL, NULL, NULL),
(176, 175, 43, '200', '10', '20', '2019-03-11 10:58:55', NULL, NULL, NULL, NULL),
(177, 175, 37, '1500', '10', '150', '2019-03-11 10:59:08', NULL, NULL, NULL, NULL),
(178, 175, 35, '100', '10', '10', '2019-03-11 11:00:59', NULL, NULL, NULL, NULL),
(179, 175, 43, '200', '10', '20', '2019-03-11 11:01:15', NULL, NULL, NULL, NULL),
(180, 175, 56, '30', '6', '1.8', '2019-03-14 10:30:48', NULL, NULL, NULL, NULL),
(181, 175, 58, '20', '6', '1.2', '2019-03-14 10:46:53', NULL, NULL, NULL, NULL),
(182, 1, 60, '500', '6', '30', '2019-03-15 06:33:24', NULL, NULL, NULL, NULL),
(183, 185, 61, '500', '6', '30', '2019-03-15 06:37:22', NULL, NULL, NULL, NULL),
(184, 185, 64, '500', '6', '30', '2019-03-15 23:25:00', NULL, NULL, NULL, NULL),
(185, 185, 63, '500', '6', '30', '2019-03-15 23:25:39', NULL, NULL, NULL, NULL),
(186, 185, 62, '500', '6', '30', '2019-03-15 23:26:24', NULL, NULL, NULL, NULL),
(187, 179, 65, '50', '6', '3', '2019-03-15 23:50:19', NULL, NULL, NULL, NULL),
(188, 179, 66, '50', '6', '3', '2019-03-15 23:51:59', NULL, NULL, NULL, NULL),
(189, 179, 67, '50', '6', '3', '2019-03-15 23:53:21', NULL, NULL, NULL, NULL),
(190, 179, 70, '100', '6', '6', '2019-03-19 12:35:59', NULL, NULL, NULL, NULL),
(191, 179, 70, '100', '6', '6', '2019-03-19 12:37:46', NULL, NULL, NULL, NULL),
(192, 179, 69, '100', '6', '6', '2019-03-19 12:37:55', NULL, NULL, NULL, NULL),
(193, 179, 69, '100', '6', '6', '2019-03-19 12:38:02', NULL, NULL, NULL, NULL),
(194, 179, 71, '100', '6', '6', '2019-03-19 12:48:32', NULL, NULL, NULL, NULL),
(195, 179, 71, '100', '6', '6', '2019-03-19 12:49:17', NULL, NULL, NULL, NULL),
(196, 179, 72, '100', '6', '6', '2019-03-19 12:54:20', NULL, NULL, NULL, NULL),
(197, 179, 72, '100', '6', '6', '2019-03-19 23:07:06', NULL, NULL, NULL, NULL),
(198, 179, 74, '100', '6', '6', '2019-03-20 22:54:28', NULL, NULL, NULL, NULL),
(199, 179, 75, '0', '6', '0', '2019-03-26 10:44:17', NULL, NULL, NULL, NULL),
(200, 179, 76, '0', '6', '0', '2019-03-27 05:06:41', NULL, NULL, NULL, NULL),
(201, 179, 77, '0', '6', '0', '2019-03-29 11:29:46', NULL, NULL, NULL, NULL),
(202, 175, 79, '100', '6', '6', '2019-04-09 10:37:52', NULL, NULL, NULL, NULL),
(203, 179, 80, '125', '6', '7.5', '2019-04-22 10:56:48', NULL, NULL, NULL, NULL),
(204, 179, 80, '125', '6', '7.5', '2019-04-22 10:58:13', NULL, NULL, NULL, NULL),
(205, 188, 81, '100', '6', '6', '2019-04-23 05:27:29', NULL, NULL, NULL, NULL),
(206, 189, 82, '100', '6', '6', '2019-04-23 05:38:09', NULL, NULL, NULL, NULL),
(207, 189, 83, '100', '6', '6', '2019-04-23 05:51:54', NULL, NULL, NULL, NULL),
(208, 179, 69, '100', '6', '6', '2019-04-23 05:56:13', NULL, NULL, NULL, NULL),
(209, 179, 68, '0', '6', '0', '2019-04-23 06:04:43', NULL, NULL, NULL, NULL),
(210, 189, 84, '0', '6', '0', '2019-04-23 06:05:00', NULL, NULL, NULL, NULL),
(211, 175, 45, '0', '6', '0', '2019-04-23 06:05:23', NULL, NULL, NULL, NULL),
(212, 175, 44, '0', '6', '0', '2019-04-23 06:05:37', NULL, NULL, NULL, NULL),
(213, 175, 38, '0', '6', '0', '2019-04-23 06:06:19', NULL, NULL, NULL, NULL),
(214, 175, 41, '0', '6', '0', '2019-04-23 06:06:26', NULL, NULL, NULL, NULL),
(215, 190, 85, '0', '6', '0', '2019-04-23 06:30:40', NULL, NULL, NULL, NULL),
(216, 175, 41, '0', '6', '0', '2019-04-23 06:30:57', NULL, NULL, NULL, NULL),
(217, 190, 86, '100', '6', '6', '2019-04-23 06:33:06', NULL, NULL, NULL, NULL),
(218, 179, 57, '20', '6', '1.2', '2019-04-23 06:37:28', NULL, NULL, NULL, NULL),
(219, 190, 87, '100', '6', '6', '2019-04-23 06:38:51', NULL, NULL, NULL, NULL);

-- --------------------------------------------------------

--
-- Table structure for table `product_commission_charge`
--

CREATE TABLE `product_commission_charge` (
  `Pcc_Id` int(11) NOT NULL,
  `comm_charge` int(11) DEFAULT NULL,
  `created` datetime DEFAULT NULL,
  `modified` datetime DEFAULT NULL,
  `option1` text,
  `option2` text,
  `option3` text
) ENGINE=MyISAM DEFAULT CHARSET=latin1;

--
-- Dumping data for table `product_commission_charge`
--

INSERT INTO `product_commission_charge` (`Pcc_Id`, `comm_charge`, `created`, `modified`, `option1`, `option2`, `option3`) VALUES
(1, 6, '2018-06-19 14:28:11', '2019-03-13 08:30:16', NULL, NULL, NULL);

-- --------------------------------------------------------

--
-- Table structure for table `raffle`
--

CREATE TABLE `raffle` (
  `Raffle_Id` int(11) NOT NULL,
  `Item_Id` int(11) NOT NULL,
  `Raffle_Price` varchar(255) NOT NULL,
  `Raffle_Status` int(11) NOT NULL DEFAULT '0',
  `created` timestamp NOT NULL DEFAULT CURRENT_TIMESTAMP,
  `Start_Date` datetime NOT NULL,
  `End_Date` datetime NOT NULL,
  `startdateampm` varchar(255) NOT NULL,
  `endddateampm` varchar(255) NOT NULL
) ENGINE=InnoDB DEFAULT CHARSET=latin1;

--
-- Dumping data for table `raffle`
--

INSERT INTO `raffle` (`Raffle_Id`, `Item_Id`, `Raffle_Price`, `Raffle_Status`, `created`, `Start_Date`, `End_Date`, `startdateampm`, `endddateampm`) VALUES
(2, 8, '20', 1, '2018-07-30 09:28:14', '2018-07-30 00:00:00', '2018-08-10 22:30:00', '2018-07-30 12:00 AM', '2018-08-10 10:30 PM'),
(3, 15, '20', 0, '2018-08-03 08:47:42', '2018-08-07 00:00:00', '2018-08-08 22:30:00', '2018-08-07 12:00 AM', '2018-08-08 10:30 PM'),
(5, 18, '20', 0, '2018-08-06 11:36:34', '2019-03-11 21:30:00', '2019-03-11 22:00:00', '2019-03-11 09:30 PM', '2019-03-11 10:00 PM'),
(6, 1, '20', 0, '2018-08-06 11:46:47', '2018-08-07 00:00:00', '2018-08-07 22:30:00', '2018-08-07 12:00 AM', '2018-08-07 10:30 PM'),
(7, 22, '20', 0, '2018-08-29 20:15:51', '2018-08-29 00:00:00', '2018-08-29 22:30:00', '2018-08-29 12:00 AM', '2018-08-29 10:30 PM'),
(8, 54, '20', 0, '2019-03-11 15:45:49', '2019-03-11 19:30:00', '2019-03-11 20:00:00', '2019-03-11 07:30 PM', '2019-03-11 08:00 PM'),
(9, 87, '20', 0, '2019-04-23 12:28:35', '2019-04-23 00:00:00', '2019-04-23 22:30:00', '2019-04-23 12:00 AM', '2019-04-23 10:30 PM');

-- --------------------------------------------------------

--
-- Table structure for table `raffle_user`
--

CREATE TABLE `raffle_user` (
  `UserRaffle_Id` int(11) NOT NULL,
  `Raffle_Id` int(11) NOT NULL,
  `User_Id` int(11) NOT NULL,
  `Item_Id` int(11) NOT NULL,
  `Raffle_Price` varchar(255) NOT NULL,
  `Winner` int(11) NOT NULL DEFAULT '0',
  `Raffle_Status` int(11) NOT NULL DEFAULT '0',
  `created` timestamp NOT NULL DEFAULT CURRENT_TIMESTAMP
) ENGINE=InnoDB DEFAULT CHARSET=latin1;

--
-- Dumping data for table `raffle_user`
--

INSERT INTO `raffle_user` (`UserRaffle_Id`, `Raffle_Id`, `User_Id`, `Item_Id`, `Raffle_Price`, `Winner`, `Raffle_Status`, `created`) VALUES
(1, 2, 1, 8, '20', 1, 1, '2018-07-31 10:55:55'),
(2, 2, 2, 8, '20', 0, 1, '2018-08-03 05:36:40'),
(3, 2, 2, 8, '20', 0, 1, '2018-08-05 05:52:59'),
(4, 9, 190, 87, '20', 0, 1, '2019-04-23 12:37:49');

-- --------------------------------------------------------

--
-- Table structure for table `rateus`
--

CREATE TABLE `rateus` (
  `Rate_Id` int(11) NOT NULL,
  `User_Id` int(11) DEFAULT NULL,
  `ratingnumber` bigint(20) DEFAULT NULL,
  `Review` longtext NOT NULL,
  `created` datetime DEFAULT NULL,
  `modified` datetime NOT NULL DEFAULT CURRENT_TIMESTAMP ON UPDATE CURRENT_TIMESTAMP
) ENGINE=MyISAM DEFAULT CHARSET=latin1;

--
-- Dumping data for table `rateus`
--

INSERT INTO `rateus` (`Rate_Id`, `User_Id`, `ratingnumber`, `Review`, `created`, `modified`) VALUES
(1, 1, 5, 'Write Review...', NULL, '2018-07-31 01:07:00'),
(2, 34, 5, 'Write Review...', NULL, '2018-09-14 10:25:57');

-- --------------------------------------------------------

--
-- Table structure for table `referrals`
--

CREATE TABLE `referrals` (
  `R_Id` int(11) NOT NULL,
  `Sender_User_Id` int(11) DEFAULT NULL,
  `Receiver_User_Id` int(11) DEFAULT NULL,
  `sender_email` varchar(255) DEFAULT NULL,
  `receiver_email` varchar(255) DEFAULT NULL,
  `referalcode` varchar(20) DEFAULT NULL,
  `usedcode` int(11) DEFAULT '0',
  `created` datetime DEFAULT NULL,
  `usedcodedate` datetime DEFAULT NULL
) ENGINE=MyISAM DEFAULT CHARSET=latin1;

-- --------------------------------------------------------

--
-- Table structure for table `reward`
--

CREATE TABLE `reward` (
  `Reward_Id` int(11) NOT NULL,
  `Reward_Name` varchar(255) NOT NULL,
  `Reward_Code` varchar(255) NOT NULL,
  `Price` int(11) NOT NULL,
  `Price_Type` varchar(255) NOT NULL,
  `Minimum_Price` varchar(255) NOT NULL,
  `Start_Date` datetime NOT NULL,
  `End_Date` datetime NOT NULL,
  `No_Of_Use` int(255) NOT NULL,
  `Condition` varchar(255) NOT NULL,
  `created` timestamp NULL DEFAULT CURRENT_TIMESTAMP,
  `modified` timestamp NOT NULL DEFAULT '0000-00-00 00:00:00' ON UPDATE CURRENT_TIMESTAMP
) ENGINE=InnoDB DEFAULT CHARSET=latin1;

--
-- Dumping data for table `reward`
--

INSERT INTO `reward` (`Reward_Id`, `Reward_Name`, `Reward_Code`, `Price`, `Price_Type`, `Minimum_Price`, `Start_Date`, `End_Date`, `No_Of_Use`, `Condition`, `created`, `modified`) VALUES
(1, 'TEST', 'TEST50', 50, 'Fixed', '50', '2018-07-26 00:00:00', '2018-08-17 22:30:00', 0, 'UnlimitedUser', '2018-07-27 11:16:39', '2018-08-21 07:15:07'),
(2, 'friendofryan', 'R34BMG08', 20, 'Fixed', '50', '2018-07-30 00:00:00', '2018-08-23 22:30:00', 0, 'NewUser', '2018-07-31 05:10:32', '2018-08-21 07:14:22'),
(3, 'TEST', 'TEST2018', 50, 'Fixed', '50', '2018-08-07 00:00:00', '2018-08-24 22:30:00', 0, 'FristPurchase', '2018-08-06 12:00:20', '2018-08-21 07:14:27'),
(4, 'lacedapp', 'K3318MI', 20, 'Fixed', '50', '2018-08-21 00:00:00', '2018-08-23 22:30:00', 0, 'FristPurchase', '2018-08-21 05:23:08', '2018-08-21 06:59:19'),
(5, 'friendofryan', 'RBY389P', 20, 'Fixed', '50', '2018-08-21 00:00:00', '2018-08-23 22:30:00', 0, 'UnlimitedUser', '2018-08-21 07:21:08', '2018-08-21 07:24:36');

-- --------------------------------------------------------

--
-- Table structure for table `reward_history`
--

CREATE TABLE `reward_history` (
  `Reward_History_Id` int(11) NOT NULL,
  `User_Id` int(11) NOT NULL,
  `Reward_Id` int(11) NOT NULL,
  `created` timestamp NOT NULL DEFAULT CURRENT_TIMESTAMP
) ENGINE=InnoDB DEFAULT CHARSET=latin1;

--
-- Dumping data for table `reward_history`
--

INSERT INTO `reward_history` (`Reward_History_Id`, `User_Id`, `Reward_Id`, `created`) VALUES
(1, 1, 1, '2018-08-01 05:20:27'),
(2, 1, 2, '2018-08-01 05:20:57'),
(3, 1, 2, '2018-08-01 05:21:25'),
(4, 1, 2, '2018-08-01 05:29:15'),
(5, 1, 2, '2018-08-01 05:46:15'),
(6, 1, 1, '2018-08-01 05:48:56'),
(7, 1, 1, '2018-08-01 05:49:52'),
(8, 1, 2, '2018-08-01 05:50:19'),
(9, 1, 2, '2018-08-01 05:59:03'),
(10, 2, 1, '2018-08-01 07:33:32'),
(11, 2, 1, '2018-08-01 07:34:58'),
(12, 2, 2, '2018-08-01 09:19:46'),
(13, 4, 4, '2018-08-21 06:02:52');

-- --------------------------------------------------------

--
-- Table structure for table `tandc`
--

CREATE TABLE `tandc` (
  `T_id` int(11) NOT NULL,
  `Admin_Id` int(11) DEFAULT NULL,
  `tremscondition` text,
  `created` datetime DEFAULT NULL,
  `modified` datetime DEFAULT NULL
) ENGINE=MyISAM DEFAULT CHARSET=latin1;

--
-- Dumping data for table `tandc`
--

INSERT INTO `tandc` (`T_id`, `Admin_Id`, `tremscondition`, `created`, `modified`) VALUES
(1, 1, 'this is the trems and condition page is here......<br><br>', '2018-06-07 16:44:18', '2018-06-11 22:26:23');

-- --------------------------------------------------------

--
-- Table structure for table `tracking`
--

CREATE TABLE `tracking` (
  `tid` int(11) NOT NULL,
  `order_id` int(11) DEFAULT NULL,
  `user_id` int(11) DEFAULT NULL,
  `item_id` int(11) DEFAULT NULL,
  `orderstatus` varchar(50) DEFAULT NULL COMMENT '1-ordered,2-seller_confirm,3-seller_packing,4-shippingtolaced,5-deleveredtolaced,6-verfiedauthenticate,7-shippingtoyou,8-delivered,9-purchase_complete'
) ENGINE=InnoDB DEFAULT CHARSET=latin1;

-- --------------------------------------------------------

--
-- Table structure for table `trade`
--

CREATE TABLE `trade` (
  `Trade_Id` int(11) NOT NULL,
  `User_Id` int(11) NOT NULL,
  `Receiver_Id` int(11) NOT NULL,
  `have_Item_Id` int(11) NOT NULL,
  `Item_Id` text NOT NULL,
  `Trade_Status` int(11) NOT NULL DEFAULT '0',
  `created` timestamp NOT NULL DEFAULT CURRENT_TIMESTAMP,
  `modified` timestamp NOT NULL DEFAULT '0000-00-00 00:00:00' ON UPDATE CURRENT_TIMESTAMP,
  `Is_Verify` int(11) NOT NULL DEFAULT '0',
  `is_cancelled` int(11) NOT NULL DEFAULT '0'
) ENGINE=InnoDB DEFAULT CHARSET=latin1;

--
-- Dumping data for table `trade`
--

INSERT INTO `trade` (`Trade_Id`, `User_Id`, `Receiver_Id`, `have_Item_Id`, `Item_Id`, `Trade_Status`, `created`, `modified`, `Is_Verify`, `is_cancelled`) VALUES
(1, 2, 1, 1, '2', 1, '2018-07-28 18:09:50', '2018-08-02 11:34:59', 4, 0),
(2, 2, 1, 11, '6,9,10', 1, '2018-07-31 20:29:01', '0000-00-00 00:00:00', 0, 0),
(3, 1, 2, 13, '1,12', 1, '2018-07-31 20:59:50', '2019-04-23 11:47:24', 4, 0),
(4, 2, 1, 11, '6,10', 1, '2018-07-31 21:59:59', '2018-08-03 12:13:57', 0, 0),
(5, 1, 2, 11, '13', 0, '2018-07-31 22:09:26', '2018-08-03 10:08:37', 0, 0),
(7, 1, 2, 13, '1,3,4,5,7,8,11,12', 1, '2018-08-01 17:29:42', '2018-08-03 09:07:23', 0, 0),
(8, 1, 2, 13, '1', 0, '2018-08-03 16:00:01', '2018-08-03 10:08:45', 0, 0),
(9, 1, 2, 16, '3,5,12', 0, '2018-08-06 16:01:17', '0000-00-00 00:00:00', 0, 0),
(10, 2, 1, 11, '6,10', 1, '2018-08-06 16:03:45', '2018-08-06 08:53:42', 0, 0),
(11, 1, 2, 13, '12,14,15', 0, '2018-08-06 16:05:14', '0000-00-00 00:00:00', 0, 0),
(12, 2, 1, 11, '6', 1, '2018-08-06 16:08:17', '2018-08-06 08:54:03', 0, 0),
(13, 2, 1, 1, '6,9,13', 0, '2018-08-14 17:52:53', '0000-00-00 00:00:00', 0, 0),
(14, 3, 34, 26, '32', 1, '2018-09-14 20:46:57', '2019-03-17 13:09:34', 0, 0),
(15, 3, 1, 28, '24', 0, '2018-09-24 10:54:09', '0000-00-00 00:00:00', 0, 0),
(16, 3, 1, 28, '23', 0, '2018-09-24 10:54:46', '0000-00-00 00:00:00', 0, 0),
(17, 1, 175, 60, '53', 0, '2019-03-16 09:33:47', '0000-00-00 00:00:00', 0, 0),
(18, 3, 175, 28, '36', 0, '2019-03-16 10:51:11', '0000-00-00 00:00:00', 0, 0),
(19, 179, 175, 70, '42,53', 1, '2019-03-19 23:15:12', '2019-03-29 16:24:23', 0, 0),
(20, 3, 179, 28, '66,67,70', 0, '2019-03-26 22:10:58', '0000-00-00 00:00:00', 0, 0),
(21, 3, 175, 28, '34,36', 0, '2019-03-29 21:12:16', '0000-00-00 00:00:00', 0, 0),
(22, 3, 175, 28, '52,53', 0, '2019-03-29 21:16:12', '0000-00-00 00:00:00', 0, 0),
(23, 179, 175, 77, '39,42,52', 1, '2019-03-29 21:30:52', '2019-03-29 16:32:10', 0, 0),
(24, 188, 189, 81, '82,83,84', 0, '2019-04-23 11:21:03', '0000-00-00 00:00:00', 0, 0),
(25, 189, 190, 84, '85,86,87', 0, '2019-04-23 11:40:18', '0000-00-00 00:00:00', 0, 0),
(26, 188, 190, 81, '85,86,87', 1, '2019-04-23 11:42:43', '2019-04-23 11:43:06', 0, 0),
(27, 190, 188, 87, '81', 1, '2019-04-23 11:45:29', '2019-04-23 11:45:44', 0, 0);

-- --------------------------------------------------------

--
-- Table structure for table `user_bank_info`
--

CREATE TABLE `user_bank_info` (
  `BankInfo_Id` int(11) NOT NULL,
  `User_Id` int(11) NOT NULL,
  `BanInfo_Type` varchar(25) NOT NULL,
  `Bank_Name` varchar(100) DEFAULT NULL,
  `Account_Number` varchar(50) DEFAULT NULL,
  `Routing_Number` varchar(50) DEFAULT NULL,
  `Date_of_Birth` varchar(20) DEFAULT NULL,
  `Account_HolderName` varchar(100) DEFAULT NULL,
  `Card_No` varchar(20) DEFAULT NULL,
  `Expiry_Data` varchar(10) DEFAULT NULL,
  `Cvv_Code` int(3) DEFAULT NULL,
  `created` timestamp NOT NULL DEFAULT CURRENT_TIMESTAMP,
  `modified` timestamp NOT NULL DEFAULT '0000-00-00 00:00:00' ON UPDATE CURRENT_TIMESTAMP
) ENGINE=InnoDB DEFAULT CHARSET=latin1;

-- --------------------------------------------------------

--
-- Table structure for table `user_purchase_item`
--

CREATE TABLE `user_purchase_item` (
  `Purchase_Id` int(11) NOT NULL,
  `Order_Id` int(11) DEFAULT NULL,
  `Seller_Id` int(11) NOT NULL COMMENT 'product owner id',
  `User_Id` int(11) NOT NULL COMMENT 'product buyer id',
  `Item_Id` int(11) NOT NULL,
  `Purchase` int(11) NOT NULL DEFAULT '0',
  `created` timestamp NOT NULL DEFAULT CURRENT_TIMESTAMP
) ENGINE=InnoDB DEFAULT CHARSET=latin1;

--
-- Dumping data for table `user_purchase_item`
--

INSERT INTO `user_purchase_item` (`Purchase_Id`, `Order_Id`, `Seller_Id`, `User_Id`, `Item_Id`, `Purchase`, `created`) VALUES
(1, 3, 1, 1, 17, 0, '0000-00-00 00:00:00'),
(2, 34, 2, 1, 4, 1, '0000-00-00 00:00:00'),
(3, 35, 2, 1, 12, 1, '0000-00-00 00:00:00'),
(4, 40, 1, 2, 6, 1, '0000-00-00 00:00:00'),
(5, 41, 1, 2, 6, 1, '0000-00-00 00:00:00'),
(6, 42, 2, 1, 1, 1, '0000-00-00 00:00:00'),
(7, 43, 2, 1, 7, 1, '0000-00-00 00:00:00'),
(8, 44, 1, 2, 6, 1, '0000-00-00 00:00:00'),
(9, 51, 1, 2, 6, 0, '0000-00-00 00:00:00'),
(10, 64, 1, 3, 23, 1, '0000-00-00 00:00:00'),
(11, 65, 3, 1, 26, 0, '0000-00-00 00:00:00'),
(12, 66, 3, 1, 26, 0, '0000-00-00 00:00:00'),
(13, 67, 1, 2, 23, 0, '0000-00-00 00:00:00'),
(14, 68, 1, 2, 23, 0, '0000-00-00 00:00:00'),
(15, 69, 1, 2, 23, 0, '0000-00-00 00:00:00'),
(16, 70, 1, 2, 23, 0, '0000-00-00 00:00:00'),
(17, 71, 1, 2, 23, 0, '0000-00-00 00:00:00'),
(18, 72, 1, 2, 23, 0, '0000-00-00 00:00:00'),
(19, 73, 1, 33, 23, 0, '0000-00-00 00:00:00'),
(20, 74, 1, 2, 23, 0, '0000-00-00 00:00:00'),
(21, 75, 3, 34, 33, 1, '0000-00-00 00:00:00'),
(22, 76, 3, 34, 33, 1, '0000-00-00 00:00:00'),
(23, 77, 1, 175, 23, 0, '0000-00-00 00:00:00'),
(24, 81, 1, 3, 23, 0, '0000-00-00 00:00:00'),
(25, 82, 2, 175, 29, 0, '0000-00-00 00:00:00'),
(26, 83, 1, 175, 23, 0, '0000-00-00 00:00:00'),
(27, 86, 2, 175, 29, 0, '0000-00-00 00:00:00'),
(28, 91, 1, 188, 23, 0, '0000-00-00 00:00:00'),
(29, 92, 189, 188, 82, 1, '0000-00-00 00:00:00'),
(30, 97, 188, 190, 81, 1, '0000-00-00 00:00:00');

-- --------------------------------------------------------

--
-- Table structure for table `User_Stripe_Info`
--

CREATE TABLE `User_Stripe_Info` (
  `StripeInfo_Id` int(11) NOT NULL,
  `User_Id` int(11) NOT NULL,
  `Stripe_User_Id` longtext NOT NULL,
  `Access_Token` longtext NOT NULL,
  `Refresh_Token` longtext NOT NULL,
  `Stripe_Publishable_Key` longtext NOT NULL,
  `created` timestamp NOT NULL DEFAULT CURRENT_TIMESTAMP,
  `modified` timestamp NOT NULL DEFAULT '0000-00-00 00:00:00' ON UPDATE CURRENT_TIMESTAMP
) ENGINE=InnoDB DEFAULT CHARSET=latin1;

--
-- Dumping data for table `User_Stripe_Info`
--

INSERT INTO `User_Stripe_Info` (`StripeInfo_Id`, `User_Id`, `Stripe_User_Id`, `Access_Token`, `Refresh_Token`, `Stripe_Publishable_Key`, `created`, `modified`) VALUES
(1, 2, 'acct_1D97wvKUuhfh1eLZ', 'sk_test_519KXQMWyZ6xQTYBhzm8tWxR', 'rt_DaIixIY5PxOqUE9MsheFtkWbPwQnYs6xOqPoI1USIRNBajED', 'pk_test_rquLVAc49YrpdS5D88Kolr5M', '2018-07-30 09:13:19', '2018-09-11 09:24:46'),
(3, 1, 'acct_1CtYJQAAwplKKfTb', 'sk_test_N9Z8FLFlEhFTSXzeWWKNmgq2', 'rt_DKCi5kNK9siXWU6jA5cGy8sIk6VlK23ydYWRHOglaUMMoMJV', 'pk_test_RDtkJojssBiqKXpW8UZTpSUv', '2018-07-30 10:09:17', '0000-00-00 00:00:00'),
(4, 11, 'acct_1CwBu8CywJ8ZHPYI', 'sk_test_YvBgWGz0tJcwvW8Us4IlVdHm', 'rt_DMvlMa3Y2oqnSLq4HoBjXsixCvkZAJ0rbX5eVwrBDSZIXHSr', 'pk_test_dvedNBuVz6XA77g8x8is5W3Q', '2018-08-06 16:50:04', '0000-00-00 00:00:00'),
(5, 3, 'acct_1CsViYBeMmIAKb8w', 'sk_test_aUVniLJftCfIjmIkyTvUHRwc', 'rt_DXC6iKEAnrVa5LEc0pEkVgeLQaG8yXFVNNYfF1R3AhflKciJ', 'pk_test_OCP69gQr9SVIMI3tMN9tYPod', '2018-09-03 02:22:47', '0000-00-00 00:00:00'),
(6, 33, 'acct_1D9SAABLscLKGEwy', 'sk_test_5s4djXNtt4w8nm6WoWKczK4z', 'rt_DadRI4yZxKbv4zg0ig6ttlKs2wfDbFmBaQSz4XrMTSZbkzmO', 'pk_test_Rp21HpnctwKDlKZwxCCHxcvk', '2018-09-12 06:49:29', '0000-00-00 00:00:00'),
(7, 34, 'acct_1CsViYBeMmIAKb8w', 'sk_test_KDMSMmINJluGwn9MFEfl1UPy', 'rt_DbWDB84hmLlXQuAXzI3wd8jZfqt0MUFrfzSPcX5nsO0h3uBS', 'pk_test_iesoiviTALbjNYT24HWZuDfr', '2018-09-14 15:25:35', '0000-00-00 00:00:00'),
(8, 175, 'acct_1EC5M7Lfyc2Gtbbb', 'sk_test_phZICiQLIwKu6dZsdsR34IX8', 'rt_EfQINrBNPr8fQyEAzNkjAJsrLFdWXqtBM8rGsmPFnRqZEnzb', 'pk_test_5zX0Qq1kO76dVOLTXtC1VenM', '2019-03-09 13:43:02', '0000-00-00 00:00:00'),
(9, 180, 'acct_1EEUvMDsnGwZzyZZ', 'sk_test_I4gGNR7B74wTMkhEO9RiwwPA', 'rt_Ehuq5poNi66Wj5dXo9q8NZxDm1n0xFpPKJnyyYQJZxbGG6S8', 'pk_test_EQ5AM5zyc9ubj4E729eATUyu', '2019-03-16 05:24:45', '0000-00-00 00:00:00'),
(10, 179, 'acct_1EIHJVLruVCyZYi2', 'sk_test_oDkZjBFnL61CUuSYn3KvVHRO007jPrfroN', 'rt_Elp2xQg8o0UvXSLJjLeWpt3JyRzaBevY256UPAcoI77c9sNi', 'pk_test_77ihnYkmqdzPw72yXMcOwtWu00mxN8jbMM', '2019-03-26 15:40:22', '0000-00-00 00:00:00'),
(11, 188, 'acct_1ESLd0EYLPo5g4Hb', 'sk_test_YL7tuQFYIg7cUF2mULydSHfz004KKDCTqE', 'rt_EwE9zsOSFBRl3Mn4tZ9ptIkvCcOOrLh1Ob9YUV6UylIHREnQ', 'pk_test_DEo8JSN1be8ciiCosoXzy75M00pjV4qLnT', '2019-04-23 10:18:17', '0000-00-00 00:00:00'),
(12, 190, 'acct_1ESMnAHgyDr65SX3', 'sk_test_Q18luQtJm4lAybR2kkYOz9QL00bxhjkfD9', 'rt_EwFIUbFZoVn5tkI6Q0eKBghhfhDtJrOMiNUmaWgxSeZhPjyN', 'pk_test_L3YEEFZQsKYT7fKgroJC4o2s00J6C6VuY4', '2019-04-23 11:29:19', '0000-00-00 00:00:00');

-- --------------------------------------------------------

--
-- Table structure for table `wallet_ledger`
--

CREATE TABLE `wallet_ledger` (
  `Wallet_Id` int(11) NOT NULL,
  `User_Id` int(11) NOT NULL,
  `Wallet_Pre_Balance` int(255) NOT NULL,
  `Wallet_Post_Balance` int(255) NOT NULL,
  `Wallet_Current_Balance` int(11) NOT NULL,
  `Message` longtext NOT NULL,
  `created` timestamp NOT NULL DEFAULT CURRENT_TIMESTAMP,
  `modified` timestamp NOT NULL DEFAULT '0000-00-00 00:00:00' ON UPDATE CURRENT_TIMESTAMP
) ENGINE=MyISAM DEFAULT CHARSET=latin1;

--
-- Dumping data for table `wallet_ledger`
--

INSERT INTO `wallet_ledger` (`Wallet_Id`, `User_Id`, `Wallet_Pre_Balance`, `Wallet_Post_Balance`, `Wallet_Current_Balance`, `Message`, `created`, `modified`) VALUES
(1, 1, 0, -40, -40, 'Laced Yeezy Boost 750 Product Purched', '2018-07-30 11:59:51', '0000-00-00 00:00:00'),
(2, 1, -40, -40, -80, 'Laced Yeezy Boost 750 Product Purched', '2018-07-30 12:13:07', '0000-00-00 00:00:00'),
(3, 1, -80, -40, -120, 'Laced Yeezy Boost 750 Product Purched', '2018-07-30 12:13:58', '0000-00-00 00:00:00'),
(4, 1, -120, -40, -160, 'Laced Yeezy Boost 750 Product Purched', '2018-07-30 12:30:24', '0000-00-00 00:00:00');

--
-- Indexes for dumped tables
--

--
-- Indexes for table `auction_admin`
--
ALTER TABLE `auction_admin`
  ADD PRIMARY KEY (`Admin_Id`);

--
-- Indexes for table `auction_bid`
--
ALTER TABLE `auction_bid`
  ADD PRIMARY KEY (`Bid_id`);

--
-- Indexes for table `auction_brand`
--
ALTER TABLE `auction_brand`
  ADD PRIMARY KEY (`Brand_Id`);

--
-- Indexes for table `auction_chat`
--
ALTER TABLE `auction_chat`
  ADD PRIMARY KEY (`Chat_Id`);

--
-- Indexes for table `auction_conversation`
--
ALTER TABLE `auction_conversation`
  ADD PRIMARY KEY (`Converstion_Id`);

--
-- Indexes for table `auction_item`
--
ALTER TABLE `auction_item`
  ADD PRIMARY KEY (`Item_Id`);

--
-- Indexes for table `auction_payment`
--
ALTER TABLE `auction_payment`
  ADD PRIMARY KEY (`Payment_Id`);

--
-- Indexes for table `auction_shipping`
--
ALTER TABLE `auction_shipping`
  ADD PRIMARY KEY (`Shipping_Id`);

--
-- Indexes for table `auction_user`
--
ALTER TABLE `auction_user`
  ADD PRIMARY KEY (`User_Id`);

--
-- Indexes for table `auction_user_bank_info`
--
ALTER TABLE `auction_user_bank_info`
  ADD PRIMARY KEY (`Bank_Id`);

--
-- Indexes for table `auction_user_card_detail`
--
ALTER TABLE `auction_user_card_detail`
  ADD PRIMARY KEY (`Card_Id`);

--
-- Indexes for table `auction_user_cart`
--
ALTER TABLE `auction_user_cart`
  ADD PRIMARY KEY (`Cart_Id`);

--
-- Indexes for table `auction_user_order`
--
ALTER TABLE `auction_user_order`
  ADD PRIMARY KEY (`Order_Id`);

--
-- Indexes for table `contact`
--
ALTER TABLE `contact`
  ADD PRIMARY KEY (`Contact_Id`);

--
-- Indexes for table `contest`
--
ALTER TABLE `contest`
  ADD PRIMARY KEY (`Contest_Id`);

--
-- Indexes for table `contest_user`
--
ALTER TABLE `contest_user`
  ADD PRIMARY KEY (`UserContest_Id`);

--
-- Indexes for table `faq`
--
ALTER TABLE `faq`
  ADD PRIMARY KEY (`F_Id`);

--
-- Indexes for table `favorite`
--
ALTER TABLE `favorite`
  ADD PRIMARY KEY (`Favorite_Id`),
  ADD KEY `Item_Id` (`Item_Id`);

--
-- Indexes for table `feedback`
--
ALTER TABLE `feedback`
  ADD PRIMARY KEY (`Feedback_Id`);

--
-- Indexes for table `flakercharge`
--
ALTER TABLE `flakercharge`
  ADD PRIMARY KEY (`Fc_ID`);

--
-- Indexes for table `flakerfees`
--
ALTER TABLE `flakerfees`
  ADD PRIMARY KEY (`Flacker_ID`);

--
-- Indexes for table `follow`
--
ALTER TABLE `follow`
  ADD PRIMARY KEY (`Follow_Id`);

--
-- Indexes for table `fpolicy`
--
ALTER TABLE `fpolicy`
  ADD PRIMARY KEY (`F_Id`);

--
-- Indexes for table `howitworks`
--
ALTER TABLE `howitworks`
  ADD PRIMARY KEY (`H_Id`);

--
-- Indexes for table `notification`
--
ALTER TABLE `notification`
  ADD PRIMARY KEY (`Notification_Id`);

--
-- Indexes for table `other_item_image`
--
ALTER TABLE `other_item_image`
  ADD PRIMARY KEY (`Other_Item_Image_Id`);

--
-- Indexes for table `policy`
--
ALTER TABLE `policy`
  ADD PRIMARY KEY (`P_Id`);

--
-- Indexes for table `product_commission`
--
ALTER TABLE `product_commission`
  ADD PRIMARY KEY (`Pc_Id`);

--
-- Indexes for table `product_commission_charge`
--
ALTER TABLE `product_commission_charge`
  ADD PRIMARY KEY (`Pcc_Id`);

--
-- Indexes for table `raffle`
--
ALTER TABLE `raffle`
  ADD PRIMARY KEY (`Raffle_Id`);

--
-- Indexes for table `raffle_user`
--
ALTER TABLE `raffle_user`
  ADD PRIMARY KEY (`UserRaffle_Id`);

--
-- Indexes for table `rateus`
--
ALTER TABLE `rateus`
  ADD PRIMARY KEY (`Rate_Id`);

--
-- Indexes for table `referrals`
--
ALTER TABLE `referrals`
  ADD PRIMARY KEY (`R_Id`);

--
-- Indexes for table `reward`
--
ALTER TABLE `reward`
  ADD PRIMARY KEY (`Reward_Id`);

--
-- Indexes for table `reward_history`
--
ALTER TABLE `reward_history`
  ADD PRIMARY KEY (`Reward_History_Id`);

--
-- Indexes for table `tandc`
--
ALTER TABLE `tandc`
  ADD PRIMARY KEY (`T_id`);

--
-- Indexes for table `tracking`
--
ALTER TABLE `tracking`
  ADD PRIMARY KEY (`tid`);

--
-- Indexes for table `trade`
--
ALTER TABLE `trade`
  ADD PRIMARY KEY (`Trade_Id`);

--
-- Indexes for table `user_bank_info`
--
ALTER TABLE `user_bank_info`
  ADD PRIMARY KEY (`BankInfo_Id`);

--
-- Indexes for table `user_purchase_item`
--
ALTER TABLE `user_purchase_item`
  ADD PRIMARY KEY (`Purchase_Id`);

--
-- Indexes for table `User_Stripe_Info`
--
ALTER TABLE `User_Stripe_Info`
  ADD PRIMARY KEY (`StripeInfo_Id`);

--
-- Indexes for table `wallet_ledger`
--
ALTER TABLE `wallet_ledger`
  ADD PRIMARY KEY (`Wallet_Id`);

--
-- AUTO_INCREMENT for dumped tables
--

--
-- AUTO_INCREMENT for table `auction_admin`
--
ALTER TABLE `auction_admin`
  MODIFY `Admin_Id` int(11) NOT NULL AUTO_INCREMENT, AUTO_INCREMENT=6;

--
-- AUTO_INCREMENT for table `auction_bid`
--
ALTER TABLE `auction_bid`
  MODIFY `Bid_id` int(11) NOT NULL AUTO_INCREMENT, AUTO_INCREMENT=13;

--
-- AUTO_INCREMENT for table `auction_brand`
--
ALTER TABLE `auction_brand`
  MODIFY `Brand_Id` int(11) NOT NULL AUTO_INCREMENT, AUTO_INCREMENT=38;

--
-- AUTO_INCREMENT for table `auction_chat`
--
ALTER TABLE `auction_chat`
  MODIFY `Chat_Id` int(11) NOT NULL AUTO_INCREMENT;

--
-- AUTO_INCREMENT for table `auction_conversation`
--
ALTER TABLE `auction_conversation`
  MODIFY `Converstion_Id` int(11) NOT NULL AUTO_INCREMENT;

--
-- AUTO_INCREMENT for table `auction_item`
--
ALTER TABLE `auction_item`
  MODIFY `Item_Id` int(11) NOT NULL AUTO_INCREMENT, AUTO_INCREMENT=88;

--
-- AUTO_INCREMENT for table `auction_payment`
--
ALTER TABLE `auction_payment`
  MODIFY `Payment_Id` int(11) NOT NULL AUTO_INCREMENT, AUTO_INCREMENT=120;

--
-- AUTO_INCREMENT for table `auction_shipping`
--
ALTER TABLE `auction_shipping`
  MODIFY `Shipping_Id` int(11) NOT NULL AUTO_INCREMENT;

--
-- AUTO_INCREMENT for table `auction_user`
--
ALTER TABLE `auction_user`
  MODIFY `User_Id` int(11) NOT NULL AUTO_INCREMENT, AUTO_INCREMENT=191;

--
-- AUTO_INCREMENT for table `auction_user_bank_info`
--
ALTER TABLE `auction_user_bank_info`
  MODIFY `Bank_Id` int(11) NOT NULL AUTO_INCREMENT;

--
-- AUTO_INCREMENT for table `auction_user_card_detail`
--
ALTER TABLE `auction_user_card_detail`
  MODIFY `Card_Id` int(11) NOT NULL AUTO_INCREMENT;

--
-- AUTO_INCREMENT for table `auction_user_cart`
--
ALTER TABLE `auction_user_cart`
  MODIFY `Cart_Id` int(11) NOT NULL AUTO_INCREMENT;

--
-- AUTO_INCREMENT for table `auction_user_order`
--
ALTER TABLE `auction_user_order`
  MODIFY `Order_Id` int(11) NOT NULL AUTO_INCREMENT, AUTO_INCREMENT=98;

--
-- AUTO_INCREMENT for table `contact`
--
ALTER TABLE `contact`
  MODIFY `Contact_Id` int(11) NOT NULL AUTO_INCREMENT, AUTO_INCREMENT=10;

--
-- AUTO_INCREMENT for table `contest`
--
ALTER TABLE `contest`
  MODIFY `Contest_Id` int(11) NOT NULL AUTO_INCREMENT, AUTO_INCREMENT=8;

--
-- AUTO_INCREMENT for table `contest_user`
--
ALTER TABLE `contest_user`
  MODIFY `UserContest_Id` int(11) NOT NULL AUTO_INCREMENT, AUTO_INCREMENT=6;

--
-- AUTO_INCREMENT for table `faq`
--
ALTER TABLE `faq`
  MODIFY `F_Id` int(11) NOT NULL AUTO_INCREMENT, AUTO_INCREMENT=49;

--
-- AUTO_INCREMENT for table `favorite`
--
ALTER TABLE `favorite`
  MODIFY `Favorite_Id` int(11) NOT NULL AUTO_INCREMENT, AUTO_INCREMENT=26;

--
-- AUTO_INCREMENT for table `feedback`
--
ALTER TABLE `feedback`
  MODIFY `Feedback_Id` int(11) NOT NULL AUTO_INCREMENT, AUTO_INCREMENT=2;

--
-- AUTO_INCREMENT for table `flakercharge`
--
ALTER TABLE `flakercharge`
  MODIFY `Fc_ID` int(11) NOT NULL AUTO_INCREMENT, AUTO_INCREMENT=2;

--
-- AUTO_INCREMENT for table `flakerfees`
--
ALTER TABLE `flakerfees`
  MODIFY `Flacker_ID` int(11) NOT NULL AUTO_INCREMENT, AUTO_INCREMENT=71;

--
-- AUTO_INCREMENT for table `follow`
--
ALTER TABLE `follow`
  MODIFY `Follow_Id` int(11) NOT NULL AUTO_INCREMENT, AUTO_INCREMENT=18;

--
-- AUTO_INCREMENT for table `fpolicy`
--
ALTER TABLE `fpolicy`
  MODIFY `F_Id` int(11) NOT NULL AUTO_INCREMENT, AUTO_INCREMENT=4;

--
-- AUTO_INCREMENT for table `howitworks`
--
ALTER TABLE `howitworks`
  MODIFY `H_Id` int(11) NOT NULL AUTO_INCREMENT, AUTO_INCREMENT=2;

--
-- AUTO_INCREMENT for table `notification`
--
ALTER TABLE `notification`
  MODIFY `Notification_Id` int(11) NOT NULL AUTO_INCREMENT, AUTO_INCREMENT=511;

--
-- AUTO_INCREMENT for table `other_item_image`
--
ALTER TABLE `other_item_image`
  MODIFY `Other_Item_Image_Id` int(11) NOT NULL AUTO_INCREMENT, AUTO_INCREMENT=26;

--
-- AUTO_INCREMENT for table `policy`
--
ALTER TABLE `policy`
  MODIFY `P_Id` int(11) NOT NULL AUTO_INCREMENT, AUTO_INCREMENT=3;

--
-- AUTO_INCREMENT for table `product_commission`
--
ALTER TABLE `product_commission`
  MODIFY `Pc_Id` int(11) NOT NULL AUTO_INCREMENT, AUTO_INCREMENT=220;

--
-- AUTO_INCREMENT for table `product_commission_charge`
--
ALTER TABLE `product_commission_charge`
  MODIFY `Pcc_Id` int(11) NOT NULL AUTO_INCREMENT, AUTO_INCREMENT=2;

--
-- AUTO_INCREMENT for table `raffle`
--
ALTER TABLE `raffle`
  MODIFY `Raffle_Id` int(11) NOT NULL AUTO_INCREMENT, AUTO_INCREMENT=10;

--
-- AUTO_INCREMENT for table `raffle_user`
--
ALTER TABLE `raffle_user`
  MODIFY `UserRaffle_Id` int(11) NOT NULL AUTO_INCREMENT, AUTO_INCREMENT=5;

--
-- AUTO_INCREMENT for table `rateus`
--
ALTER TABLE `rateus`
  MODIFY `Rate_Id` int(11) NOT NULL AUTO_INCREMENT, AUTO_INCREMENT=3;

--
-- AUTO_INCREMENT for table `referrals`
--
ALTER TABLE `referrals`
  MODIFY `R_Id` int(11) NOT NULL AUTO_INCREMENT;

--
-- AUTO_INCREMENT for table `reward`
--
ALTER TABLE `reward`
  MODIFY `Reward_Id` int(11) NOT NULL AUTO_INCREMENT, AUTO_INCREMENT=6;

--
-- AUTO_INCREMENT for table `reward_history`
--
ALTER TABLE `reward_history`
  MODIFY `Reward_History_Id` int(11) NOT NULL AUTO_INCREMENT, AUTO_INCREMENT=14;

--
-- AUTO_INCREMENT for table `tandc`
--
ALTER TABLE `tandc`
  MODIFY `T_id` int(11) NOT NULL AUTO_INCREMENT, AUTO_INCREMENT=3;

--
-- AUTO_INCREMENT for table `tracking`
--
ALTER TABLE `tracking`
  MODIFY `tid` int(11) NOT NULL AUTO_INCREMENT;

--
-- AUTO_INCREMENT for table `trade`
--
ALTER TABLE `trade`
  MODIFY `Trade_Id` int(11) NOT NULL AUTO_INCREMENT, AUTO_INCREMENT=28;

--
-- AUTO_INCREMENT for table `user_bank_info`
--
ALTER TABLE `user_bank_info`
  MODIFY `BankInfo_Id` int(11) NOT NULL AUTO_INCREMENT;

--
-- AUTO_INCREMENT for table `user_purchase_item`
--
ALTER TABLE `user_purchase_item`
  MODIFY `Purchase_Id` int(11) NOT NULL AUTO_INCREMENT, AUTO_INCREMENT=31;

--
-- AUTO_INCREMENT for table `User_Stripe_Info`
--
ALTER TABLE `User_Stripe_Info`
  MODIFY `StripeInfo_Id` int(11) NOT NULL AUTO_INCREMENT, AUTO_INCREMENT=13;

--
-- AUTO_INCREMENT for table `wallet_ledger`
--
ALTER TABLE `wallet_ledger`
  MODIFY `Wallet_Id` int(11) NOT NULL AUTO_INCREMENT, AUTO_INCREMENT=5;
COMMIT;

/*!40101 SET CHARACTER_SET_CLIENT=@OLD_CHARACTER_SET_CLIENT */;
/*!40101 SET CHARACTER_SET_RESULTS=@OLD_CHARACTER_SET_RESULTS */;
/*!40101 SET COLLATION_CONNECTION=@OLD_COLLATION_CONNECTION */;
